molecule,Compound,#stars,#amine,#amidine,#acid,#amide,#rotor,#rtvFG,CNS,mol_MW,dipole,SASA,FOSA,FISA,PISA,WPSA,volume,donorHB,accptHB,dip^2/V,ACxDN^.5/SA,glob,QPpolrz,QPlogPC16,QPlogPoct,QPlogPw,QPlogPo/w,QPlogS,CIQPlogS,QPlogHERG,QPPCaco,QPlogBB,QPPMDCK,QPlogKp,IP(eV),EA(eV),#metab,QPlogKhsa,HumanOralAbsorption,PercentHumanOralAbsorption,SAfluorine,SAamideO,PSA,#NandO,RuleOfFive,#ringatoms,#in34,#in56,#noncon,#nonHatm,RuleOfThree,Jm
0_0-wt-1,O=C1C=CC(=O)C(=C1)C#N,6,0,0,0,0,1,0,-1,133.106,4.817,320.16,0,192.022,128.138,0,479.169,0,5.5,0.0484227,0,0.9249601,13.604,4.946,7.956,7.864,-1.3,-0.242,-0.708,-3.357,149.607,-0.993,63.47,-4.511,11.307,2.469,0,-1.505,2,58.26,0,0,86.48,3,0,6,0,6,0,10,0,2.352
0_1-wt-1,[O]c1ccc(O)cc1C#N,2,0,0,0,0,3,0,-1,135.122,5.643,325.768,0,173.693,152.075,0,487.792,2,3,0.0652736,0.0130235,0.9199108,12.893,5.481,9.368,7.941,0.055,-1.633,-2.269,-3.553,223.237,-0.986,97.824,-3.897,9.242,0.65,2,-0.701,3,69.305,0,0,70.352,3,0,6,0,6,0,10,0,0.253
0_1-wt-1,[O]c1ccc(O)cc1C#N,2,0,0,0,0,3,0,-1,135.122,5.617,324.993,0,173.656,151.337,0,486.196,2,3,0.0648984,0.0130546,0.9200942,12.823,5.459,9.337,7.934,0.045,-1.627,-2.269,-3.547,223.42,-0.985,97.91,-3.899,9.023,0.611,2,-0.704,3,69.254,0,0,69.75,3,0,6,0,6,0,10,0,0.259
1_0-wt-1,O=C1C=CC(=O)C(=C1C#N)C#N,5,0,0,0,0,2,0,-2,158.116,7.582,349.671,0,243.045,106.625,0,536.92,0,7,0.107078,0,0.9136473,15.068,5.677,10.245,9.393,-2.168,0.147,-0.543,-3.438,49.102,-1.498,19.036,-5.431,11.391,2.932,0,-1.781,2,44.517,0,0,111.16,4,0,6,0,6,0,12,0,0.822
1_1-wt-1,[O]c1ccc(O)c(C#N)c1C#N,0,0,0,0,0,4,0,-2,160.132,9.133,355.88,0,225.606,130.274,0,546.771,2,4.5,0.1525623,0.0178823,0.9086533,14.403,6.232,12.07,9.475,-0.375,-1.69,-2.309,-3.631,71.858,-1.499,28.73,-4.834,9.426,1.298,2,-0.762,2,57.977,0,0,94.522,4,0,6,0,6,0,12,0,0.027
1_1-wt-1,[O]c1ccc(O)c(C#N)c1C#N,0,0,0,0,0,4,0,-2,160.132,11.906,356.973,0,226.418,130.555,0,548.479,2,4.5,0.2584569,0.0178275,0.9077563,14.475,6.25,13.549,9.486,-0.372,-1.699,-2.309,-3.647,70.595,-1.509,28.185,-4.848,9.645,1.303,2,-0.76,2,57.856,0,0,95.137,4,0,6,0,6,0,12,0,0.025
1_1-wt-1,[O]c1ccc(O)c(C#N)c1C#N,0,0,0,0,0,4,0,-2,160.132,9.361,355.497,0,224.941,130.556,0,545.733,2,4.5,0.1605597,0.0179016,0.9084803,14.365,6.216,12.163,9.472,-0.376,-1.687,-2.309,-3.636,72.909,-1.495,29.184,-4.821,9.214,1.276,2,-0.764,2,58.085,0,0,93.937,4,0,6,0,6,0,12,0,0.028
2_0-wt-1,ClC1=C(Cl)C(=O)C(=C(C#N)C1=O)C#N,1,0,0,0,0,3,1,-2,229.022,5.187,396.591,19.369,212.56,42.999,121.662,630.687,1,5.75,0.0426614,0.0144986,0.8968061,17.57,6.952,11.303,8.921,-0.004,-2.811,-2.974,-3.407,95.542,-1.081,181.354,-4.997,9.8,2.554,2,-0.772,3,62.364,0,0,99.678,4,0,6,0,6,1,14,0,0.004
2_0-wt-1,ClC1=C(Cl)C(=O)C(=C(C#N)C1=O)C#N,1,0,0,0,0,3,1,-2,229.022,5.187,396.59,19.369,212.56,42.999,121.662,630.687,1,5.75,0.042661,0.0144986,0.8968064,17.57,6.952,11.303,8.921,-0.004,-2.811,-2.974,-3.407,95.542,-1.081,181.354,-4.997,9.8,2.554,2,-0.772,3,62.364,0,0,99.678,4,0,6,0,6,1,14,0,0.004
2_1-wt-1,[O]c1c(Cl)c(Cl)c(O)c(C#N)c1C#N,0,0,0,0,0,4,0,-2,229.022,3.306,393.291,0,210.83,64.152,118.309,624.202,2,4.5,0.0175072,0.0161813,0.8981203,16.871,7.235,11.47,9.057,0.325,-2.902,-3.479,-3.486,99.22,-1.13,181.088,-4.795,9.33,1.616,2,-0.611,3,64.585,0,0,92.129,4,0,6,0,6,0,14,0,0.004
2_1-wt-1,[O]c1c(Cl)c(Cl)c(O)c(C#N)c1C#N,0,0,0,0,0,4,0,-2,229.022,3.439,393.92,0,211.395,63.893,118.632,624.957,2,4.5,0.0189187,0.0161555,0.8974093,16.899,7.241,11.502,9.06,0.326,-2.913,-3.479,-3.497,98.003,-1.136,179.419,-4.806,9.516,1.645,2,-0.61,3,64.494,0,0,92.488,4,0,6,0,6,0,14,0,0.004
3_0-wt-1,ClC1=CC(=O)C=CC1=O,4,0,0,0,0,0,0,-1,142.541,1.682,307.527,0,121.825,116.898,68.804,459.938,0,4,0.0061506,0,0.9370191,13.369,4.778,6.514,6.047,0.174,-0.363,-0.604,-3.109,692.837,-0.193,792.498,-3.353,10.406,2.126,0,-1.117,3,78.809,0,0,60.725,2,0,6,0,6,0,9,0,35.534
3_1-wt-1,[O]c1ccc(O)cc1Cl,3,0,0,0,0,2,0,0,144.557,4.755,311.742,0,103.356,140.805,67.581,466.018,2,1.5,0.048513,0.0068047,0.9324779,12.557,5.278,8.235,6.119,0.878,0.253,-1.755,-3.296,1037.001,-0.184,1206.742,-2.736,8.871,0.127,2,-0.59,3,86.062,0,0,44.358,2,0,6,0,6,0,9,0,17.316
3_1-wt-1,[O]c1ccc(O)cc1Cl,3,0,0,0,0,2,0,0,144.557,4.842,310.694,0,102.099,140.131,68.464,464.2,2,1.5,0.0505059,0.0068277,0.9331879,12.477,5.258,8.233,6.104,0.878,0.257,-1.755,-3.281,1065.844,-0.171,1256.975,-2.716,8.656,0.092,2,-0.594,3,86.276,0,0,43.717,2,0,6,0,6,0,9,0,18.747
4_0-wt-1,CC(C)(C)C1=CC(=O)C(=CC1=O)Br,3,0,0,0,0,1,0,0,243.1,2.498,412.92,189.814,92.066,55.992,75.048,678.993,0,4,0.0091891,0,0.9047792,20.912,6.213,8.897,5.466,1.358,-2.112,-2.74,-3.34,1326.897,-0.062,1730.758,-2.923,10.79,2.05,0,-0.523,3,90.789,0,0,54.694,2,0,6,0,6,0,13,0,2.243
4_1-wt-1,CC(C)(C)c1cc([O])c(Br)cc1O,1,0,0,0,0,3,0,0,245.115,2.094,410.327,185.754,79.202,72.078,73.292,680.988,2,1.5,0.0064375,0.0051698,0.9122791,19.861,6.762,9.953,5.506,2.517,-2.727,-3.742,-3.295,1757.209,-0.072,2293.352,-2.437,8.847,0.142,2,-0.079,3,100,0,0,39.343,2,0,6,0,6,0,13,0,1.585
4_1-wt-1,CC(C)(C)c1cc([O])c(Br)cc1O,1,0,0,0,0,3,0,0,245.115,1.111,409.532,185.765,77.93,71.701,74.135,679.305,2,1.5,0.0018177,0.0051799,0.9125446,19.79,6.742,9.863,5.493,2.518,-2.718,-3.742,-3.289,1806.698,-0.059,2388.499,-2.415,8.661,0.545,2,-0.084,3,100,0,0,38.637,2,0,6,0,6,0,13,0,1.708
5_0-wt-1,CC1=CC(=O)C=C(Br)C1=O,3,0,0,0,0,0,0,0,201.019,1.797,342.104,83.631,111.155,72.513,74.805,526.335,0,4,0.0061344,0,0.9215411,15.602,5,7.172,5.758,0.428,-0.932,-1.846,-3.147,874.608,-0.126,1099.613,-3.313,10.811,2.089,1,-0.924,3,82.107,0,0,58.771,2,0,6,0,6,0,10,0,11.451
5_1-wt-1,Cc1cc(O)cc(Br)c1[O],1,0,0,0,0,2,0,0,203.035,1.899,345.189,83.532,92.907,95.68,73.07,531.03,2,1.5,0.006789,0.0061454,0.9187284,14.727,5.499,8.299,5.824,1.512,-1.614,-2.893,-3.303,1302.754,-0.112,1654.923,-2.703,8.889,0.529,3,-0.43,3,91.552,0,0,43.104,2,0,6,0,6,0,10,0,6.726
6_0-wt-1,CC(C)C1=CC(=O)C=C(I)C1=O,1,0,0,0,0,1,0,0,276.073,2.435,402.214,161.951,105.071,54.363,80.829,647.04,0,4,0.0091602,0,0.8994877,19.618,5.956,8.518,5.519,1.213,-1.934,-3.44,-3.418,998.882,-0.164,1369.631,-3.168,9.476,2.041,2,-0.616,3,87.735,0,0,58.601,2,0,6,0,6,0,12,0,2.179
6_1-wt-1,CC(C)c1cc(O)cc(I)c1[O],1,0,0,0,0,3,0,0,278.089,2.344,404.248,161.784,91.14,72.893,78.431,650.209,2,1.5,0.0084482,0.0052476,0.8978822,18.637,6.445,9.602,5.58,2.193,-2.667,-4.417,-3.532,1354.003,-0.179,1846.121,-2.654,8.839,1.149,4,-0.165,3,95.838,0,0,42.54,2,0,6,0,6,0,12,0,1.326
7_0-wt-1,CC(C)C1=CC(=O)C(=C(I)C1=O)C,1,0,0,0,0,1,0,0,290.1,1.952,425.229,235.48,94.646,24.868,70.234,697.711,0,4,0.005461,0,0.8946632,21.364,6.087,8.922,5.299,1.541,-2.324,-3.738,-3.355,1254.221,-0.113,1532.581,-3.08,9.399,1.966,2,-0.469,3,91.424,0,0,56.282,2,0,6,0,6,0,13,0,1.143
7_1-wt-1,CC(C)c1cc(O)c(C)c(I)c1[O],1,0,0,0,0,3,0,0,292.116,1.912,427.363,235.116,79.903,42.292,70.052,700.069,2,1.5,0.0052231,0.0049637,0.8921997,20.34,6.564,10,5.348,2.516,-3.04,-4.706,-3.478,1730.525,-0.115,2165.395,-2.555,8.757,1.164,4,-0.033,3,100,0,0,40.839,2,0,6,0,6,0,13,0,0.742
8_0-wt-1,ClC1=CC(=O)C=C(Br)C1=O,4,0,0,0,0,0,0,1,221.438,1.285,335.785,0,114.415,77.729,143.641,512.97,0,4,0.003219,0,0.9229213,15.117,5.412,7.331,5.824,0.517,-1.112,-2.28,-3.15,814.519,0.02,2426.099,-3.354,10.524,2.303,0,-0.963,3,82.075,0,0,59.78,2,0,6,0,6,0,10,0,7.566
8_1-wt-1,[O]c1c(Cl)cc(O)cc1Br,1,0,0,0,0,2,0,1,223.453,3.611,338.214,0,96.358,101.318,140.537,516.325,2,1.5,0.0252562,0.0062721,0.9202863,14.193,5.892,8.729,5.892,1.642,-1.547,-3.303,-3.305,1208.194,0.029,3572.684,-2.746,9.048,0.741,2,-0.467,3,91.726,0,0,43.449,2,0,6,0,6,0,10,0,4.477
8_1-wt-1,[O]c1c(Cl)cc(O)cc1Br,1,0,0,0,0,2,0,1,223.453,2.542,337.14,0,95.672,100.227,141.241,514.856,2,1.5,0.0125485,0.0062921,0.9214651,14.124,5.881,8.531,5.878,1.64,-1.538,-3.303,-3.281,1226.437,0.038,3663.4,-2.738,8.855,0.372,2,-0.47,3,91.831,0,0,43.007,2,0,6,0,6,0,10,0,4.733
8_1-wt-1,[O]c1c(Cl)cc(O)cc1Br,1,0,0,0,0,2,0,1,223.453,3.988,336.555,0,94.458,101.724,140.373,513.56,2,1.5,0.0309746,0.006303,0.9215164,14.086,5.863,8.763,5.878,1.639,-1.529,-3.303,-3.287,1259.375,0.046,3728.791,-2.71,8.856,0.692,2,-0.474,3,92.032,0,0,42.55,2,0,6,0,6,0,10,0,5.206
9_0-wt-1,ClC1=C(Cl)C(=O)C=CC1=O,4,0,0,0,0,0,0,0,176.987,2.592,326.992,0,114.402,89.357,123.234,499.687,0,4,0.0134429,0,0.9313077,14.697,5.295,7.256,5.875,0.464,-0.856,-1.336,-3.07,814.759,-0.013,1876.105,-3.313,10.095,2.247,0,-1.001,3,81.766,0,0,59.428,2,0,6,0,6,0,10,0,11.976
9_1-wt-1,[O]c1ccc(O)c(Cl)c1Cl,1,0,0,0,0,2,0,0,179.002,6.026,329.759,0,96.549,112.172,121.037,503.834,2,1.5,0.0720703,0.0064329,0.9285956,13.796,5.785,9.169,5.94,1.609,-1.289,-2.417,-3.222,1203.155,-0.006,2781.065,-2.712,8.958,0.351,2,-0.496,3,91.497,0,0,43.339,2,0,6,0,6,0,10,0,6.585
9_1-wt-1,[O]c1ccc(O)c(Cl)c1Cl,1,0,0,0,0,2,0,1,179.002,3.294,328.854,0,95.2,112.1,121.554,502.071,2,1.5,0.021606,0.0064506,0.9289786,13.725,5.763,8.449,5.929,1.609,-1.282,-2.417,-3.216,1239.124,0.006,2889.798,-2.687,8.77,0.343,2,-0.501,3,91.727,0,0,42.676,2,0,6,0,6,0,10,0,7.183
10_0-wt-1,ClC1=CC(=O)C(=CC1=O)Cl,4,0,0,0,0,0,0,1,176.987,0,330.621,0,115.409,77.598,137.613,503.533,0,4,0,0,0.9258063,14.738,5.302,7.134,5.816,0.484,-0.988,-1.336,-3.103,797.03,0.004,2196.347,-3.373,10.472,2.274,0,-0.99,3,81.713,0,0,59.792,2,0,6,0,6,0,10,0,7.707
10_1-wt-1,[O]c1cc(Cl)c(O)cc1Cl,2,0,0,0,0,2,0,1,179.002,0,333.586,0,97.219,101.245,135.122,507.888,2,1.5,0,0.0063591,0.9228615,13.854,5.794,8.247,5.885,1.642,-1.34,-2.417,-3.263,1185.698,0.014,3269.687,-2.763,8.888,0.379,2,-0.488,3,91.577,0,0,43.562,2,0,6,0,6,0,10,0,4.377
10_1-wt-1,[O]c1cc(Cl)c(O)cc1Cl,2,0,0,0,0,2,0,1,179.002,0.627,332.597,0,95.95,100.721,135.925,506.067,2,1.5,0.0007776,0.0063781,0.923392,13.776,5.772,8.228,5.87,1.642,-1.333,-2.417,-3.252,1219.004,0.026,3403.375,-2.741,8.716,0.347,2,-0.492,3,91.793,0,0,42.921,2,0,6,0,6,0,10,0,4.743
11_0-wt-1,ClC1=CC(=O)C=C(Cl)C1=O,3,0,0,0,0,0,0,1,176.987,1.445,330.367,0,115.029,77.984,137.354,503.274,0,4,0.0041465,0,0.926201,14.732,5.302,7.187,5.815,0.485,-0.982,-1.336,-3.098,803.679,0.007,2208.926,-3.365,10.468,2.27,0,-0.991,3,81.778,0,0,59.717,2,0,6,0,6,0,10,0,7.965
11_1-wt-1,[O]c1c(Cl)cc(O)cc1Cl,1,0,0,0,0,2,0,1,179.002,3.333,333.495,0,97.041,101.659,134.795,507.739,2,1.5,0.0218777,0.0063609,0.9229323,13.852,5.792,8.544,5.886,1.641,-1.339,-2.417,-3.264,1190.314,0.014,3269.936,-2.758,9.011,0.39,2,-0.488,3,91.605,0,0,43.452,2,0,6,0,6,0,10,0,4.455
11_1-wt-1,[O]c1c(Cl)cc(O)cc1Cl,1,0,0,0,0,2,0,1,179.002,3.118,332.461,0,96.328,100.568,135.565,506.348,2,1.5,0.0191968,0.0063807,0.9241093,13.786,5.782,8.485,5.871,1.641,-1.332,-2.417,-3.24,1208.975,0.024,3357.838,-2.749,8.791,0.35,2,-0.491,3,91.721,0,0,42.966,2,0,6,0,6,0,10,0,4.704
11_1-wt-1,[O]c1c(Cl)cc(O)cc1Cl,1,0,0,0,0,2,0,1,179.002,3.786,331.84,0,95.148,102.066,134.626,504.978,2,1.5,0.0283914,0.0063926,0.9241674,13.746,5.763,8.589,5.872,1.639,-1.324,-2.417,-3.246,1240.549,0.031,3412.081,-2.722,8.818,0.35,2,-0.495,3,91.914,0,0,42.555,2,0,6,0,6,0,10,0,5.178
12_0-wt-1,BrC1=CC(=O)C=C(Br)C1=O,4,0,0,0,0,0,0,1,265.889,1.01,341.2,0,113.78,77.5,149.92,522.647,0,4,0.0019527,0,0.9196608,15.502,5.522,7.47,5.834,0.577,-1.242,-3.224,-3.202,825.886,0.035,2665.712,-3.343,10.972,2.334,0,-0.935,3,82.532,0,0,59.831,2,0,6,0,6,0,10,0,6.905
12_1-wt-1,[O]c1c(Br)cc(O)cc1Br,1,0,0,0,0,2,0,1,267.904,3.032,342.928,0,95.67,100.979,146.279,524.905,2,1.5,0.0175104,0.0061859,0.917661,14.533,5.993,8.762,5.899,1.678,-1.782,-4.208,-3.346,1226.481,0.045,3903.91,-2.735,9.132,0.827,2,-0.446,3,92.051,0,0,43.444,2,0,6,0,6,0,10,0,4.321
12_1-wt-1,[O]c1c(Br)cc(O)cc1Br,1,0,0,0,0,2,0,1,267.904,2.954,341.818,0,95.025,99.884,146.91,523.369,2,1.5,0.016674,0.006206,0.9188433,14.461,5.98,8.726,5.884,1.674,-1.77,-4.208,-3.322,1243.877,0.053,3995.432,-2.727,8.904,0.867,2,-0.449,3,92.14,0,0,43.034,2,0,6,0,6,0,10,0,4.569
12_1-wt-1,[O]c1c(Br)cc(O)cc1Br,1,0,0,0,0,2,0,1,267.904,3.422,341.267,0,93.78,101.365,146.122,522.135,2,1.5,0.022425,0.006216,0.9188816,14.426,5.963,8.784,5.884,1.674,-1.76,-4.208,-3.328,1278.168,0.061,4073.943,-2.699,8.919,0.78,2,-0.452,3,92.35,0,0,42.548,2,0,6,0,6,0,10,0,5.022
13_0-wt-1,IC1=CC(=O)C=C(I)C1=O,3,0,0,0,0,0,0,1,359.89,1.424,351.765,0,112.836,76.951,161.978,541.703,0,4,0.003741,0,0.9135931,16.26,5.743,7.803,5.853,0.793,-1.495,-5.22,-3.297,843.092,0.06,3173.535,-3.328,9.569,2.242,0,-0.879,3,83.955,0,0,59.997,2,0,6,0,6,0,10,0,5.412
13_1-wt-1,[O]c1c(I)cc(O)cc1I,1,0,0,0,0,2,0,1,361.905,3.294,353.863,0,94.63,100.369,158.864,544.704,2,1.5,0.0199242,0.0059947,0.9115278,15.319,6.224,9.115,5.918,1.853,-2.3,-6.154,-3.442,1254.656,0.074,4689.208,-2.718,8.888,1.435,2,-0.397,3,93.253,0,0,43.566,2,0,6,0,6,0,10,0,3.469
13_1-wt-1,[O]c1c(I)cc(O)cc1I,1,0,0,0,0,2,0,1,361.905,3.106,352.13,0,94.274,98.136,159.72,542.735,2,1.5,0.0177789,0.0060243,0.9138059,15.219,6.214,9.054,5.897,1.845,-2.274,-6.154,-3.395,1264.432,0.082,4780.064,-2.719,8.725,1.482,2,-0.401,3,93.264,0,0,43.236,2,0,6,0,6,0,10,0,3.673
13_1-wt-1,[O]c1c(I)cc(O)cc1I,1,0,0,0,0,2,0,1,361.905,3.746,352.188,0,92.737,100.744,158.706,541.915,2,1.5,0.0258948,0.0060233,0.9127351,15.211,6.194,9.152,5.904,1.849,-2.271,-6.154,-3.424,1307.592,0.09,4893.673,-2.682,8.753,1.392,2,-0.403,3,93.551,0,0,42.669,2,0,6,0,6,0,10,0,4.037
14_0-wt-1,CC(C)(C)C1=CC(=O)C(=C(Cl)C1=O)Cl,2,0,0,0,0,1,0,1,233.094,3.549,424.288,188.857,83.892,28.877,122.662,706.301,0,4,0.0178302,0,0.9039902,21.746,6.573,9.462,5.27,1.876,-2.535,-2.527,-3.223,1586.177,0.12,3826.891,-2.868,10.037,2.129,0,-0.444,3,95.211,0,0,53.258,2,0,6,0,6,0,14,0,0.922
14_1-wt-1,CC(C)(C)c1cc([O])c(Cl)c(Cl)c1O,1,0,0,0,0,3,0,1,235.11,3.779,423.154,185.726,72.431,44.726,120.272,709.547,2,1.5,0.0201318,0.0050131,0.9091882,20.743,7.117,10.603,5.321,2.825,-3.09,-3.539,-3.215,2037.216,0.094,4866.659,-2.409,8.864,0.338,2,-0.003,3,100,0,0,38.043,2,0,6,0,6,0,14,0,0.6
14_1-wt-1,CC(C)(C)c1cc([O])c(Cl)c(Cl)c1O,1,0,0,0,0,3,0,1,235.11,1.049,422.342,185.748,71.006,44.87,120.719,707.822,2,1.5,0.0015552,0.0050228,0.9094585,20.675,7.096,10.32,5.311,2.826,-3.079,-3.539,-3.211,2101.606,0.107,5061.582,-2.382,8.717,0.324,2,-0.008,3,100,0,0,37.331,2,0,6,0,6,0,14,0,0.657
15_0-wt-1,CC(C)(C)C1=CC(=O)C(=C(Br)C1=O)Br,3,0,0,0,0,1,0,1,321.996,2.699,433.43,188.656,82.45,29.139,133.186,724.125,0,4,0.0100634,0,0.8997503,22.462,6.786,9.644,5.287,2.043,-2.754,-4.415,-3.293,1636.932,0.151,4521.499,-2.84,10.625,2.173,0,-0.392,3,96.432,0,0,53.358,2,0,6,0,6,0,14,0,0.819
15_1-wt-1,CC(C)(C)c1cc([O])c(Br)c(Br)c1O,1,0,0,0,0,3,0,1,324.012,2.693,431.324,185.746,70.972,44.814,129.792,725.48,2,1.5,0.0099947,0.0049182,0.9052705,21.381,7.303,10.722,5.335,2.972,-3.371,-5.366,-3.279,2103.142,0.124,5679.785,-2.382,8.969,0.79,2,0.039,3,100,0,0,37.961,2,0,6,0,6,0,14,0,0.572
15_1-wt-1,CC(C)(C)c1cc([O])c(Br)c(Br)c1O,2,0,0,0,0,3,0,1,324.012,0.283,430.511,185.757,69.549,44.983,130.222,723.717,2,1.5,0.0001108,0.0049274,0.90551,21.312,7.281,10.558,5.325,2.973,-3.359,-5.366,-3.275,2169.544,0.137,5905.819,-2.355,8.794,0.938,2,0.034,3,100,0,0,37.275,2,0,6,0,6,0,14,0,0.627
16_0-wt-1,CC(C)(C)C1=CC(=O)C(=C(I)C1=O)I,2,0,0,0,0,1,0,1,415.997,3.729,443.505,188.777,81.029,29.348,144.352,743.215,0,4,0.0187104,0,0.8946964,23.228,7.011,10.071,5.307,2.22,-2.994,-6.412,-3.376,1688.507,0.183,5382.85,-2.813,9.175,2.079,0,-0.337,3,100,0,0,53.374,2,0,6,0,6,0,14,0,0.649
16_1-wt-1,CC(C)(C)c1cc([O])c(I)c(I)c1O,1,0,0,0,0,3,0,1,418.013,3.587,441.148,185.747,69.294,44.984,141.123,744.471,2,1.5,0.0172872,0.0048086,0.9004904,22.143,7.526,11.129,5.352,3.147,-3.596,-7.326,-3.357,2181.644,0.159,6817.199,-2.35,8.726,1.432,2,0.089,3,100,0,0,37.896,2,0,6,0,6,0,14,0,0.473
16_1-wt-1,CC(C)(C)c1cc([O])c(I)c(I)c1O,2,0,0,0,0,3,0,1,418.013,0.869,440.481,185.782,67.95,45.16,141.588,742.881,2,1.5,0.0010172,0.0048159,0.9005701,22.081,7.506,10.88,5.343,3.148,-3.586,-7.326,-3.356,2246.623,0.172,7078.36,-2.325,8.664,1.602,2,0.085,3,100,0,0,37.167,2,0,6,0,6,0,14,0,0.514
17_0-wt-1,CC1=C(Cl)C(=O)C(=C(C)C1=O)Cl,1,0,0,0,0,0,0,1,205.04,2.858,380.031,152.256,93.57,18.23,115.976,607.401,0,4,0.0134459,0,0.9127044,18.328,5.57,8.242,5.375,1.126,-1.83,-1.932,-3.031,1284.044,0.099,2799.158,-3.18,10.2,2.109,2,-0.689,3,89.176,0,0,55.087,2,0,6,0,6,0,12,0,2.005
17_1-wt-1,Cc1c(O)c(C)c(Cl)c([O])c1Cl,1,0,0,0,0,2,0,1,207.056,3.744,379.856,149.95,76.236,39.859,113.812,607.891,2,1.5,0.0230553,0.0055845,0.9136148,17.27,6.053,9.435,5.428,2.132,-2.556,-2.973,-3.12,1874.8,0.113,4100.552,-2.592,8.857,0.34,4,-0.231,3,100,0,0,39.791,2,0,6,0,6,0,12,0,1.474
17_1-wt-1,Cc1c(O)c(C)c(Cl)c([O])c1Cl,1,0,0,0,0,2,0,1,207.056,1.836,377.727,147.854,75.222,39.578,115.074,605.276,2,1.5,0.0055688,0.005616,0.9161271,17.163,6.049,9.164,5.415,2.127,-2.524,-2.973,-3.078,1916.765,0.128,4267.241,-2.574,8.634,0.31,4,-0.237,3,100,0,0,39.311,2,0,6,0,6,0,12,0,1.651
18_0-wt-1,CC(C)(C)C1=C(Cl)C(=O)C(=C(Cl)C1=O)C(C)(C)C,3,0,0,0,0,2,0,1,289.201,0.001,495.943,350.189,56.467,5.269,84.018,896.418,0,4,0,0,0.9065817,28.487,7.813,11.232,4.861,3.131,-3.562,-3.719,-3.069,2886.841,0.191,4490.2,-2.35,10.109,1.996,0,0.065,3,100,0,0,48.053,2,0,6,0,6,0,18,0,0.355
18_1-wt-1,CC(C)(C)c1c([O])c(Cl)c(c(O)c1Cl)C(C)(C)C,2,0,0,0,0,4,0,1,291.217,0,498.518,352.638,48.139,17.676,80.065,889.948,2,1.5,0,0.0042553,0.8975547,27.062,8.152,12.157,4.919,3.953,-4.199,-4.688,-3.274,3462.576,0.121,5199.636,-1.96,8.827,0.412,2,0.445,3,100,0,0,31.903,2,0,6,0,6,0,18,0,0.202
19_0-wt-1,CC(C)C1=C(Br)C(=O)C(=C(Br)C1=O)C,3,0,0,0,0,1,0,1,321.996,0.251,439.055,225.59,74.2,12.968,126.297,730.675,0,4,0.0000863,0,0.8935705,22.569,6.584,9.43,5.132,2.097,-2.831,-4.415,-3.316,1960.019,0.194,5036.205,-2.745,10.664,2.146,2,-0.373,3,100,0,0,51.465,2,0,6,0,6,0,14,0,0.855
19_1-wt-1,CC(C)c1c([O])c(Br)c(C)c(O)c1Br,2,0,0,0,0,3,0,1,324.012,0.114,437.747,224.458,61.473,29.852,121.963,728.742,2,1.5,0.0000177,0.004846,0.8946597,21.369,7.026,10.445,5.181,3.009,-3.452,-5.366,-3.379,2587.936,0.17,6439.02,-2.259,8.942,0.741,4,0.045,3,100,0,0,36.304,2,0,6,0,6,0,14,0,0.631
19_1-wt-1,CC(C)c1c([O])c(Br)c(C)c(O)c1Br,2,0,0,0,0,3,0,1,324.012,0.546,437.375,224.79,60.498,30.137,121.95,728.047,2,1.5,0.000409,0.0048501,0.8948514,21.344,7.015,10.438,5.176,3.012,-3.445,-5.366,-3.377,2643.637,0.178,6587.855,-2.24,8.717,0.771,4,0.044,3,100,0,0,35.92,2,0,6,0,6,0,14,0,0.669
19_1-wt-1,CC(C)c1c([O])c(Br)c(C)c(O)c1Br,2,0,0,0,0,3,0,1,324.012,0.698,438.008,224.794,61.684,29.577,121.953,729.566,2,1.5,0.000668,0.0048431,0.8947988,21.399,7.035,10.466,5.182,3.012,-3.456,-5.366,-3.375,2576.027,0.168,6406.175,-2.264,8.718,0.766,4,0.048,3,100,0,0,36.668,2,0,6,0,6,0,14,0,0.617
20_0-wt-1,CC(C)C1=C(Br)C(=O)C(=C(Br)C1=O)C(C)C,3,0,0,0,0,2,0,1,350.049,0,490.424,301.948,56.014,7.727,124.735,837.345,0,4,0,0,0.8760515,26.146,7.361,10.516,4.875,2.907,-3.634,-5.011,-3.574,2915.519,0.262,7584.881,-2.333,10.665,2.123,2,-0.106,3,100,0,0,47.723,2,0,6,0,6,0,16,0,0.378
20_1-wt-1,CC(C)c1c([O])c(Br)c(C(C)C)c(O)c1Br,2,0,0,0,0,4,0,1,352.065,0.019,488.524,301.231,46.851,19.752,120.691,834.351,2,1.5,0.0000004,0.0043423,0.8773606,24.857,7.785,11.513,4.914,3.76,-4.195,-5.949,-3.611,3561.36,0.213,8948.012,-1.929,8.947,0.754,4,0.288,3,100,0,0,33.054,2,0,6,0,6,0,16,0,0.264
20_1-wt-1,CC(C)c1c([O])c(Br)c(C(C)C)c(O)c1Br,3,0,0,0,0,4,0,1,352.065,1.919,489.981,301.908,46.959,20.079,121.035,836.931,2,1.5,0.0044002,0.0043294,0.8765544,24.963,7.811,11.612,4.921,3.777,-4.223,-5.949,-3.625,3552.933,0.212,8963.931,-1.93,5.162,4.14,5,0.295,3,100,0,0,33.371,2,0,6,0,6,0,16,0,0.247
21_0-wt-1,BrC1=C(C(=O)C(=C(C1=O)c2ccccc2)Br)c3ccccc3,3,0,0,0,0,2,0,0,418.084,0,565.591,0,78.92,369.534,117.137,978.277,0,4,0,0,0.8426305,35.241,11.258,14.294,7.67,4.063,-5.026,-7.175,-5.841,1768.079,-0.011,4013.705,-1.48,9.9,2.163,0,0.303,3,100,0,0,55.241,2,0,18,0,18,0,22,0,0.13
21_1-wt-1,[O]c1c(Br)c(c(O)c(Br)c1c2ccccc2)c3ccccc3,1,0,0,0,0,4,0,0,420.1,3.123,563.733,0,66.721,384.536,112.477,973.651,2,1.5,0.0100202,0.003763,0.8427396,33.915,11.655,15.399,7.709,4.901,-5.527,-8.089,-5.91,2307.752,-0.028,5047.377,-1.011,8.954,0.708,2,0.667,3,100,0,0,38.709,2,0,18,0,18,0,22,0,0.122
21_1-wt-1,[O]c1c(Br)c(c(O)c(Br)c1c2ccccc2)c3ccccc3,1,0,0,0,0,4,0,0,420.1,3.16,565.041,0,67.384,385.175,112.481,975.824,2,1.5,0.0102329,0.0037543,0.8420401,34.008,11.683,15.437,7.721,4.911,-5.551,-8.089,-5.925,2274.55,-0.035,4969.178,-1.02,8.765,0.752,2,0.673,3,100,0,0,38.865,2,0,18,0,18,0,22,0,0.113
22_0-wt-1,COC1=C(Cl)C(=O)C(=C(Cl)C1=O)OC,1,0,0,0,0,2,0,1,237.039,3.89,388.728,166.915,86.391,16.223,119.199,643.139,0,5.5,0.0235268,0,0.9269489,18.455,6.034,9.179,6.37,0.688,-0.898,-1.915,-2.791,1501.952,0.065,3453.555,-2.863,10.156,2.253,2,-1.071,3,87.832,0,0,69.998,4,0,6,0,6,0,14,0,41.164
22_1-wt-1,COc1c([O])c(Cl)c(OC)c(O)c1Cl,0,0,0,0,0,4,0,1,239.055,4.347,388.885,164.59,76.427,34.422,113.446,644.703,2,3,0.0293037,0.0109098,0.9280766,17.407,6.533,10.337,6.45,1.853,-2.091,-3.141,-2.86,1866.998,0.009,4063.321,-2.423,9.018,0.615,4,-0.379,3,96.341,0,0,56.897,4,0,6,0,6,0,14,0,6.447
22_1-wt-1,COc1c([O])c(Cl)c(OC)c(O)c1Cl,0,0,0,0,0,4,0,1,239.055,4.47,387.453,164.198,76.114,34.563,112.578,642.351,2,3,0.0311002,0.0109501,0.9292389,17.315,6.512,10.325,6.446,1.839,-2.065,-3.141,-2.842,1879.783,0.011,4048.815,-2.416,8.825,0.584,4,-0.384,3,96.315,0,0,56.581,4,0,6,0,6,0,14,0,6.958
23_0-wt-1,COC1=C(Br)C(=O)C(=C(OC)C1=O)Br,2,0,0,0,0,2,0,1,325.941,4.243,397.976,164.139,85.994,16.519,131.325,661.606,0,5.5,0.0272079,0,0.9226577,19.197,6.268,9.542,6.396,0.858,-1.126,-3.803,-2.862,1515.03,0.092,4062.209,-2.854,10.611,2.293,2,-1.018,3,88.894,0,0,70.194,4,0,6,0,6,0,14,0,34.126
23_1-wt-1,COc1c(O)c(OC)c(Br)c([O])c1Br,0,0,0,0,0,3,1,1,327.957,6.595,405.487,178.055,84.44,16.512,126.479,672.547,1,4.25,0.064673,0.0104812,0.9155241,18.993,6.498,10.684,6.415,1.696,-2.385,-4.473,-2.978,1567.303,0.021,3964.049,-2.73,9.303,1.629,3,-0.424,3,94.061,0,0,64.062,4,0,6,0,6,1,14,0,2.52
23_1-wt-1,COc1c(O)c(OC)c(Br)c([O])c1Br,0,0,0,0,0,3,1,1,327.957,6.598,405.499,178.051,84.414,16.535,126.499,672.556,1,4.25,0.0647228,0.0104809,0.9155066,18.993,6.498,10.685,6.415,1.696,-2.385,-4.473,-2.978,1568.211,0.022,3967.51,-2.729,9.304,1.629,3,-0.424,3,94.067,0,0,64.05,4,0,6,0,6,1,14,0,2.522
23_1-wt-1,COc1c(O)c(OC)c(Br)c([O])c1Br,0,0,0,0,0,4,0,1,327.957,4.574,395.331,161.251,75.361,34.779,123.939,659.232,2,3,0.0317362,0.0107319,0.9266101,17.992,6.736,10.621,6.465,2.003,-2.297,-4.911,-2.885,1910.949,0.041,4756.487,-2.402,9.126,0.835,4,-0.345,3,100,0,0,56.89,4,0,6,0,6,0,14,0,6.568
23_1-wt-1,COc1c(O)c(OC)c(Br)c([O])c1Br,0,0,0,0,0,4,0,1,327.957,3.505,395.494,160.749,74.171,35.052,125.523,658.644,2,3,0.0186524,0.0107274,0.9256747,17.971,6.726,10.435,6.46,2.014,-2.306,-4.911,-2.902,1961.263,0.053,4990.693,-2.379,8.9,0.849,4,-0.347,3,100,0,0,56.016,4,0,6,0,6,0,14,0,6.773
24_0-wt-1,NC1=C(Br)C(=O)C(=C(Br)C1=O)N,1,0,0,0,0,2,0,-1,295.918,0.001,362.978,0,201.26,22.458,139.26,570.933,3,6,0,0.0286307,0.9169411,15.625,6.856,13.149,12.026,-0.367,-1.893,-3.177,-2.983,122.279,-0.811,295.632,-4.958,9.015,1.585,2,-0.727,3,62.155,0,0,105.832,4,0,6,0,6,0,12,0,0.042
24_1-wt-1,Nc1c([O])c(Br)c(N)c(O)c1Br,2,0,0,0,0,4,0,-1,297.934,0.002,364.37,0,184.139,45.163,135.069,573.24,5,3.5,0,0.0214788,0.9158964,14.65,7.335,14.228,12.091,0.077,-1.366,-3.75,-3.108,177.71,-0.81,420.034,-4.37,7.373,0.561,5,-0.817,2,54.706,0,0,90.335,4,1,6,0,6,0,12,0,0.547
24_1-wt-1,Nc1c([O])c(Br)c(N)c(O)c1Br,2,0,0,0,0,4,0,-1,297.934,0.505,363.907,0,183.18,45.712,135.015,572.193,5,3.5,0.0004465,0.0215062,0.9159462,14.613,7.32,14.218,12.087,0.079,-1.36,-3.75,-3.11,181.468,-0.802,429.351,-4.35,7.293,0.612,5,-0.818,2,54.877,0,0,89.766,4,1,6,0,6,0,12,0,0.581
25_0-wt-1,BrC1=CC(=O)C(=CC1=O)Br,5,0,0,0,0,0,0,1,265.889,0,341.47,0,114.161,77.213,150.097,522.901,0,4,0,0,0.919232,15.51,5.523,7.448,5.835,0.577,-1.248,-3.224,-3.207,819.051,0.031,2647.766,-3.351,10.977,2.343,0,-0.934,3,82.465,0,0,59.904,2,0,6,0,6,0,10,0,6.688
25_1-wt-1,[O]c1cc(Br)c(O)cc1Br,2,0,0,0,0,2,0,1,267.904,0,343.015,0,95.856,100.617,146.543,525.05,2,1.5,0,0.0061843,0.9175969,14.535,5.994,8.524,5.898,1.678,-1.784,-4.208,-3.345,1221.524,0.044,3899.814,-2.74,9.102,0.434,2,-0.445,3,92.021,0,0,43.517,2,0,6,0,6,0,10,0,4.248
25_1-wt-1,[O]c1cc(Br)c(O)cc1Br,2,0,0,0,0,2,0,1,267.904,0.608,342.047,0,94.622,100.097,147.328,523.217,2,1.5,0.0007074,0.0062018,0.918051,14.457,5.972,8.504,5.884,1.678,-1.773,-4.208,-3.335,1254.874,0.056,4054.964,-2.719,8.892,0.416,2,-0.45,3,92.228,0,0,42.88,2,0,6,0,6,0,10,0,4.595
26_0-wt-1,ClC1=CC(=O)C(=C(Cl)C1=O)Cl,4,0,0,0,0,0,0,1,211.432,1.289,349.663,0,107.726,50.21,191.728,542.866,0,4,0.0030605,0,0.9204016,16.051,5.812,7.812,5.642,0.757,-1.585,-2.067,-3.059,942.621,0.186,5210.691,-3.328,10.17,2.379,0,-0.876,3,84.611,0,0,58.465,2,0,6,0,6,0,11,0,2.585
26_1-wt-1,[O]c1cc(Cl)c(O)c(Cl)c1Cl,2,0,0,0,0,2,0,1,213.447,1.384,349.832,0,89.369,71.996,188.467,543.432,2,1.5,0.0035227,0.0060638,0.9205956,14.998,6.276,8.87,5.69,2.033,-1.802,-3.101,-3.16,1407.38,0.202,7712.329,-2.721,8.822,0.571,2,-0.397,3,95.2,0,0,42,2,0,6,0,6,0,11,0,1.772
26_1-wt-1,[O]c1cc(Cl)c(O)c(Cl)c1Cl,2,0,0,0,0,2,0,1,213.447,4.236,351.433,0,90.181,73.075,188.177,545.461,2,1.5,0.0328999,0.0060362,0.9186806,15.089,6.289,9.305,5.707,2.042,-1.823,-3.101,-3.196,1382.655,0.192,7538.399,-2.732,9.058,0.602,2,-0.393,3,95.114,0,0,42.435,2,0,6,0,6,0,11,0,1.625
26_1-wt-1,[O]c1cc(Cl)c(O)c(Cl)c1Cl,2,0,0,0,0,2,0,1,213.447,4.554,350.177,0,88.8,73.073,188.304,543.363,2,1.5,0.0381611,0.0060578,0.9196106,15.005,6.267,9.343,5.694,2.038,-1.807,-3.101,-3.181,1424.972,0.205,7800.576,-2.707,8.871,0.574,2,-0.398,3,95.327,0,0,41.744,2,0,6,0,6,0,11,0,1.809
26_1-wt-1,[O]c1cc(Cl)c(O)c(Cl)c1Cl,2,0,0,0,0,2,0,1,213.447,1.729,348.708,0,88.083,72.009,188.616,541.565,2,1.5,0.0055185,0.0060834,0.9214462,14.923,6.256,8.867,5.679,2.031,-1.789,-3.101,-3.146,1447.465,0.214,7965.063,-2.697,8.644,0.55,2,-0.402,3,95.404,0,0,41.363,2,0,6,0,6,0,11,0,1.953
27_0-wt-1,CCCCCCC1=C(Br)C(=O)C(=C(Br)C1=O)Br,3,0,0,0,0,5,0,0,428.945,1.902,548.881,248.794,86.723,18.744,194.62,919.902,0,4,0.003931,0,0.8333893,27.629,8.777,11.394,4.663,3.513,-4.558,-6.687,-4.317,1491.083,-0.093,8871.777,-2.572,10.738,2.363,1,0.006,3,100,0,0,55.359,2,0,6,0,6,0,17,0,0.032
27_1-wt-1,CCCCCCc1c([O])c(Br)c(Br)c(O)c1Br,2,0,0,0,0,7,0,0,430.961,1.345,543.756,246.644,72.565,38.31,186.237,914.272,2,1.5,0.0019788,0.0039012,0.8378087,26.306,9.168,12.329,4.71,4.356,-4.995,-7.598,-4.339,2031.255,-0.091,10000,-2.05,8.957,1.123,3,0.373,3,100,0,0,39.699,2,0,6,0,6,0,17,0,0.039
27_1-wt-1,CCCCCCc1c([O])c(Br)c(Br)c(O)c1Br,2,0,0,0,0,7,0,0,430.961,1.512,544.732,247.107,73.495,38.078,186.052,916.012,2,1.5,0.0024957,0.0038942,0.8373686,26.374,9.188,12.362,4.717,4.359,-5.012,-7.598,-4.345,1990.448,-0.101,10000,-2.068,9.173,1.111,3,0.378,3,100,0,0,40.203,2,0,6,0,6,0,17,0,0.036
27_1-wt-1,CCCCCCc1c([O])c(Br)c(Br)c(O)c1Br,2,0,0,0,0,7,0,0,430.961,1.989,534.772,247.519,68.054,33.776,185.422,904.58,2,1.5,0.0043725,0.0039668,0.8458527,25.875,9.032,12.201,4.626,4.318,-4.828,-7.598,-4.187,2241.503,-0.037,10000,-1.983,8.919,0.966,3,0.348,3,100,0,0,39.899,2,0,6,0,6,0,17,0,0.067
28_0-wt-1,FC1=C(F)C(=O)C(=C(F)C1=O)F,7,0,0,0,0,0,0,0,180.058,0,315.693,0,116.332,34.766,164.594,475.672,0,4,0,0,0.933481,13.214,2.744,6.684,5.504,0.396,-0.825,-1.401,-2.774,781.126,0.077,3020.236,-3.541,11.62,2.983,0,-1.071,3,81.04,164.594,0,60.102,2,0,6,0,6,0,12,0,7.794
28_1-wt-1,[O]c1c(F)c(F)c(O)c(F)c1F,6,0,0,0,0,2,0,1,182.074,0.627,318.762,0,96.566,59.293,162.903,480.371,2,1.5,0.0008183,0.0066549,0.930572,12.352,3.263,7.813,5.569,1.481,-1.506,-2.477,-2.938,1202.716,0.099,4713.898,-2.898,9.565,1.119,2,-0.555,3,90.746,162.903,0,43.292,2,0,6,0,6,0,12,0,4.396
28_1-wt-1,[O]c1c(F)c(F)c(O)c(F)c1F,6,0,0,0,0,2,0,1,182.074,0,317.662,0,95.128,59.286,163.248,478.45,2,1.5,0,0.0066779,0.931303,12.276,3.237,7.771,5.557,1.481,-1.493,-2.477,-2.926,1241.087,0.112,4897.919,-2.872,9.348,1.089,2,-0.559,3,90.989,163.248,0,42.597,2,0,6,0,6,0,12,0,4.86
28_1-wt-1,[O]c1c(F)c(F)c(O)c(F)c1F,6,0,0,0,0,2,0,1,182.074,0,319.951,0,98.095,59.318,162.537,482.46,2,1.5,0,0.0066301,0.9298004,12.436,3.291,7.835,5.582,1.481,-1.521,-2.477,-2.951,1163.23,0.085,4525.912,-2.926,9.783,1.155,2,-0.55,3,90.489,162.537,0,44.024,2,0,6,0,6,0,12,0,3.949
29_0-wt-1,ClC1=C(Cl)C(=O)C(=C(Cl)C1=O)Cl,4,0,0,0,0,0,0,1,245.877,0,368.582,0,100.063,22.885,245.634,582.076,0,4,0,0,0.9147118,17.359,6.312,8.404,5.468,1.372,-2.178,-2.799,-3.021,1114.303,0.369,10000,-3.283,10.183,2.476,0,-0.762,3,89.513,0,0,57.142,2,0,6,0,6,0,12,0,0.85
29_1-wt-1,[O]c1c(Cl)c(Cl)c(O)c(Cl)c1Cl,3,0,0,0,0,2,0,1,247.893,0.732,368.553,0,82.074,45.362,241.116,581.66,2,1.5,0.0009208,0.0057558,0.9143491,16.273,6.758,9.452,5.523,2.42,-2.913,-3.799,-3.134,1650.4,0.38,10000,-2.68,8.925,0.791,2,-0.3,3,100,0,0,40.771,2,0,6,0,6,0,12,0,0.632
29_1-wt-1,[O]c1c(Cl)c(Cl)c(O)c(Cl)c1Cl,3,0,0,0,0,2,0,1,247.893,0,368.122,0,81.209,45.597,241.316,580.746,2,1.5,0,0.0057625,0.9144575,16.239,6.746,9.425,5.518,2.421,-2.907,-3.799,-3.134,1681.863,0.388,10000,-2.664,8.74,0.768,2,-0.302,3,100,0,0,40.346,2,0,6,0,6,0,12,0,0.667
29_1-wt-1,[O]c1c(Cl)c(Cl)c(O)c(Cl)c1Cl,3,0,0,0,0,2,0,1,247.893,0.001,369.183,0,83.043,45.209,240.931,582.898,2,1.5,0,0.005746,0.9140809,16.321,6.773,9.46,5.53,2.42,-2.924,-3.799,-3.138,1615.85,0.372,10000,-2.699,9.105,0.822,2,-0.296,3,100,0,0,41.257,2,0,6,0,6,0,12,0,0.591
30_0-wt-1,BrC1=C(Br)C(=O)C(=C(Br)C1=O)Br,5,0,0,0,0,0,0,1,423.681,0.001,387.759,0,97.521,23.311,266.927,618.654,0,4,0,0,0.9055271,18.827,6.75,8.996,5.508,1.754,-2.634,-6.575,-3.172,1177.887,0.426,10000,-3.235,10.831,2.541,0,-0.656,3,92.182,0,0,57.388,2,0,6,0,6,0,12,0,0.573
30_1-wt-1,[O]c1c(Br)c(Br)c(O)c(Br)c1Br,3,0,0,0,0,2,0,1,425.697,0.691,384.979,0,79.205,45.443,260.332,613.531,2,1.5,0.0007779,0.0055102,0.9070237,17.549,7.144,9.966,5.55,2.71,-3.284,-7.487,-3.253,1757.125,0.44,10000,-2.627,9.089,1.177,2,-0.218,3,100,0,0,40.556,2,0,6,0,6,0,12,0,0.522
30_1-wt-1,[O]c1c(Br)c(Br)c(O)c(Br)c1Br,3,0,0,0,0,2,0,1,425.697,0,384.501,0,78.36,45.676,260.465,612.451,2,1.5,0,0.0055171,0.9070861,17.508,7.13,9.937,5.545,2.71,-3.276,-7.487,-3.253,1789.82,0.447,10000,-2.611,8.88,1.173,2,-0.221,3,100,0,0,40.032,2,0,6,0,6,0,12,0,0.552
30_1-wt-1,[O]c1c(Br)c(Br)c(O)c(Br)c1Br,3,0,0,0,0,2,0,1,425.697,0,385.662,0,80.161,45.294,260.208,614.922,2,1.5,0,0.0055005,0.9067862,17.604,7.161,9.977,5.557,2.711,-3.295,-7.487,-3.256,1720.825,0.432,10000,-2.645,9.299,1.168,2,-0.214,3,100,0,0,41.129,2,0,6,0,6,0,12,0,0.488
31_0-wt-1,IC1=C(I)C(=O)C(=C(I)C1=O)I,4,0,0,0,0,0,0,2,611.683,0,407.372,0,94.53,23.757,289.085,656.263,0,4,0,0,0.8965183,20.337,7.205,9.604,5.545,2.105,-3.103,-10.567,-3.32,1257.382,0.489,10000,-3.178,9.304,2.327,0,-0.547,3,81.787,0,0,57.405,2,1,6,0,6,0,12,0,0.321
31_1-wt-1,[O]c1c(I)c(I)c(O)c(I)c1I,3,0,0,0,0,2,0,2,613.699,2.791,403.983,0,75.996,46.015,281.972,651.086,2,1.5,0.0119641,0.005251,0.8992793,19.058,7.605,10.726,5.586,3.049,-3.712,-11.442,-3.381,1884.66,0.508,10000,-2.566,8.737,1.852,2,-0.12,3,90.461,0,0,40.543,2,1,6,0,6,0,12,0,0.323
31_1-wt-1,[O]c1c(I)c(I)c(O)c(I)c1I,3,0,0,0,0,2,0,2,613.699,2.796,404.599,0,75.327,46.327,282.945,651.075,2,1.5,0.012004,0.005243,0.8979002,19.06,7.597,10.727,5.585,3.057,-3.728,-11.442,-3.405,1912.373,0.514,10000,-2.553,8.587,1.865,2,-0.12,3,90.623,0,0,40.17,2,1,6,0,6,0,12,0,0.322
31_1-wt-1,[O]c1c(I)c(I)c(O)c(I)c1I,3,0,0,0,0,2,0,2,613.699,2.572,405.336,0,76.776,45.823,282.737,652.91,2,1.5,0.0101319,0.0052335,0.8979497,19.129,7.622,10.731,5.593,3.057,-3.74,-11.442,-3.402,1852.833,0.502,10000,-2.581,8.871,1.836,2,-0.115,3,90.378,0,0,40.992,2,1,6,0,6,0,12,0,0.293
32_0-wt-1,CC1=CC(=O)C=CC1=O,6,0,0,0,0,0,0,-1,122.123,0.807,314,83.782,118.604,111.613,0,473.491,0,4,0.0013761,0,0.9356421,13.861,4.37,6.251,5.981,-0.244,-0.01,-0.171,-3.106,743.321,-0.34,359.011,-3.312,10.761,1.888,1,-1.077,3,76.908,0,0,59.726,2,0,6,0,6,0,9,0,50.293
32_1-wt-1,Cc1cc(O)ccc1[O],5,0,0,0,0,2,0,0,124.139,0.459,318.728,83.66,99.98,135.088,0,480.757,2,1.5,0.0004378,0.0066556,0.9311679,13.092,4.889,7.399,6.051,0.828,0.145,-1.38,-3.29,1116.313,-0.326,557.187,-2.694,8.69,-0.165,3,-0.554,3,86.344,0,0,44.033,2,0,6,0,6,0,9,0,24.63
33_0-wt-1,CC(C)(C)C1=CC(=O)C=CC1=O,3,0,0,0,0,1,0,0,164.204,1.109,384.029,189.786,99.05,95.192,0,625.412,0,4,0.0019667,0,0.9209701,19.142,5.601,7.931,5.684,0.67,-1.248,-1.064,-3.265,1139.214,-0.275,569.552,-2.914,10.794,1.847,1,-0.679,3,85.578,0,0,55.552,2,0,6,0,6,0,12,0,11.598
33_1-wt-1,CC(C)(C)c1cc(O)ccc1[O],2,0,0,0,0,3,0,0,166.219,0.493,382.93,185.717,86.026,111.187,0,629.972,2,1.5,0.0003851,0.0055397,0.9280972,18.193,6.191,9.046,5.727,1.829,-1.841,-2.168,-3.226,1513.98,-0.283,774.531,-2.425,8.679,-0.163,3,-0.211,3,94.571,0,0,40.163,2,0,6,0,6,0,12,0,6.998
34_0-wt-1,CC(C)C1=CC(=O)C(=CC1=O)C,4,0,0,0,0,1,0,0,164.204,0.093,399.044,246.043,103.48,49.52,0,642.14,0,4,0.0000134,0,0.9020514,19.375,5.312,7.896,5.439,0.748,-1.522,-1.064,-3.353,1034.182,-0.345,513.012,-3.156,10.712,1.809,2,-0.63,3,85.283,0,0,57.344,2,0,6,0,6,0,12,0,3.446
34_1-wt-1,CC(C)c1cc([O])c(C)cc1O,2,0,0,0,0,3,0,0,166.219,0.08,401.425,245.184,88.917,67.324,0,646.747,2,1.5,0.0000098,0.0052845,0.9009837,18.445,5.828,9.016,5.493,1.917,-2.276,-2.168,-3.455,1421.351,-0.348,723.439,-2.633,8.613,-0.18,4,-0.174,3,94.598,0,0,42.329,2,0,6,0,6,0,12,0,2.052
35_0-wt-1,CC(C)C1=C(C(=O)C(=C(C1=O)[N+]([O-])=O)C)[N+]([O-])=O,3,0,0,0,0,3,0,-2,254.199,0.603,457.989,216.223,235.59,6.177,0,772.486,0,6,0.0004712,0,0.8890041,22.894,7.173,10.721,7.714,-0.21,-1.266,-2.048,-3.357,57.783,-1.605,22.699,-5.552,11.908,3.287,4,-0.872,2,57.246,0,0,139.433,8,0,6,0,6,0,18,0,0.039
35_1-wt-1,CC(C)c1c(O)c(c(C)c([O])c1[N+]([O-])=O)[N+]([O-])=O,2,0,0,0,0,5,0,-2,256.215,0.508,459.89,216.174,222.394,21.322,0,775.022,2,3.5,0.0003331,0.0107629,0.8872657,21.856,7.654,11.802,7.757,1.01,-2.558,-3.312,-3.458,77.079,-1.621,30.993,-5.063,9.778,1.836,6,-0.183,3,66.633,0,0,122.602,8,0,6,0,6,0,18,0,0.006
35_1-wt-1,CC(C)c1c(O)c(c(C)c([O])c1[N+]([O-])=O)[N+]([O-])=O,1,0,0,0,0,5,0,-2,256.215,1.205,461.034,215.123,224.67,21.241,0,777.686,2,3.5,0.0018686,0.0107362,0.8870916,21.961,7.695,11.872,7.775,1.011,-2.577,-3.312,-3.46,73.342,-1.641,29.372,-5.105,9.793,1.772,6,-0.177,3,66.249,0,0,124.373,8,0,6,0,6,0,18,0,0.005
35_1-wt-1,CC(C)c1c(O)c(c(C)c([O])c1[N+]([O-])=O)[N+]([O-])=O,2,0,0,0,0,5,0,-2,256.215,0.365,458.859,215.784,221.666,21.409,0,774.879,2,3.5,0.0001722,0.0107871,0.8891497,21.851,7.661,11.8,7.751,1.016,-2.541,-3.312,-3.428,78.314,-1.607,31.53,-5.049,9.982,1.904,6,-0.183,3,66.788,0,0,122.828,8,0,6,0,6,0,18,0,0.007
35_1-wt-1,CC(C)c1c(O)c(c(C)c([O])c1[N+]([O-])=O)[N+]([O-])=O,2,0,0,0,0,5,0,-2,256.215,0.396,460.308,215.012,223.782,21.514,0,776.687,2,3.5,0.0002014,0.0107531,0.8877295,21.924,7.685,11.833,7.769,1.011,-2.565,-3.312,-3.451,74.778,-1.631,29.994,-5.088,9.581,1.73,6,-0.179,3,66.404,0,0,123.735,8,0,6,0,6,0,18,0,0.006
36_0-wt-1,CC1=C(C(=O)C=CC1=O)C(C)(C)c2ccccc2,1,0,0,0,0,2,0,0,240.301,1.446,467.122,150.157,85.288,231.677,0,819.433,0,4,0.0025506,0,0.906589,27.568,8.288,11.015,6.498,2.377,-2.632,-3.04,-4.148,1538.563,-0.249,788.133,-2.083,9.675,1.78,3,-0.158,3,100,0,0,53.316,2,0,12,0,12,0,18,0,4.45
36_1-wt-1,Cc1c([O])ccc(O)c1C(C)(C)c2ccccc2,1,0,0,0,0,4,0,0,242.317,2.338,471.673,148.507,76.137,247.029,0,823.799,2,1.5,0.0066352,0.0044974,0.9010272,26.605,8.79,12.192,6.577,3.308,-3.494,-4.045,-4.312,1878.847,-0.303,978.125,-1.668,8.648,-0.116,5,0.264,3,100,0,0,38.762,2,0,12,0,12,0,18,0,2.243
37_0-wt-1,CC1=C(C)C(=O)C=CC1=O,2,0,0,0,0,0,0,0,136.15,1.156,335.207,142.182,108.005,85.019,0,521.484,0,4,0.0025643,0,0.9347159,15.528,4.628,6.754,5.779,0.226,-0.475,-0.469,-2.994,936.88,-0.261,461.045,-3.211,10.428,1.819,2,-0.938,3,81.456,0,0,57.382,2,0,6,0,6,0,10,0,28.087
37_1-wt-1,Cc1c([O])ccc(O)c1C,2,0,0,0,0,2,0,0,138.166,2.083,340.495,143.838,89.908,106.749,0,528.745,2,1.5,0.0082044,0.0062301,0.92872,14.742,5.122,7.982,5.842,1.329,-0.966,-1.635,-3.194,1390.91,-0.252,706.707,-2.608,8.641,-0.177,4,-0.433,3,90.989,0,0,41.984,2,0,6,0,6,0,10,0,14.25
38_0-wt-1,CC1=CC(=O)C(=CC1=O)C,4,0,0,0,0,0,0,0,136.15,0,343.817,167.552,109.037,67.229,0,530.938,0,4,0,0,0.9222892,15.736,4.479,6.746,5.685,0.255,-0.638,-0.469,-3.11,916.024,-0.291,449.962,-3.292,10.703,1.815,2,-0.911,3,81.448,0,0,57.52,2,0,6,0,6,0,10,0,15.983
38_1-wt-1,Cc1cc(O)c(C)cc1[O],3,0,0,0,0,2,0,0,138.166,0,347.676,167.311,90.492,89.873,0,537.456,2,1.5,0,0.0061014,0.9194997,14.929,5.004,7.894,5.748,1.355,-1.085,-1.635,-3.263,1373.292,-0.271,697.036,-2.679,8.593,-0.192,4,-0.413,3,91.042,0,0,42.922,2,0,6,0,6,0,10,0,9.128
39_0-wt-1,CC1=CC(=O)C=C(C)C1=O,3,0,0,0,0,0,0,0,136.15,1.107,344.198,167.984,108.546,67.668,0,531.143,0,4,0.0023071,0,0.9215045,15.749,4.472,6.778,5.686,0.259,-0.645,-0.469,-3.125,925.883,-0.289,455.199,-3.282,10.7,1.817,2,-0.91,3,81.557,0,0,57.641,2,0,6,0,6,0,10,0,16.107
39_1-wt-1,Cc1cc(O)cc(C)c1[O],1,0,0,0,0,2,0,0,138.166,2.962,347.809,166.801,90.893,90.115,0,537.213,2,1.5,0.016335,0.0060991,0.918873,14.922,4.999,8.117,5.753,1.351,-1.084,-1.635,-3.274,1361.333,-0.275,690.478,-2.685,8.632,-0.178,4,-0.414,3,90.951,0,0,42.325,2,0,6,0,6,0,10,0,8.945
40_0-wt-1,CC(C)=CCC1=CC(=O)C(=C(C)C1=O)C,2,0,0,0,0,2,0,0,204.268,0.821,482.974,345.59,86.571,50.813,0,797.655,0,4,0.0008447,0,0.8612282,24.969,6.514,9.669,5.315,2.011,-2.95,-1.915,-4.02,1496.064,-0.335,764.628,-2.744,9.576,1.743,5,-0.221,3,95.548,0,0,54.247,2,0,6,0,6,0,15,0,0.414
40_1-wt-1,CC(C)=CCc1cc([O])c(C)c(C)c1O,1,0,0,0,0,4,0,0,206.284,2.755,471.976,341.737,64.203,66.035,0,788.615,2,1.5,0.009627,0.0044946,0.8746254,23.469,6.908,10.705,5.265,2.942,-3.371,-2.958,-3.876,2438.149,-0.237,1296.332,-2.086,8.502,-0.207,7,0.161,3,100,0,0,39.131,2,0,6,0,6,0,15,1,0.721
41_0-wt-1,CC(C)C1=C(C(C)C)C(=O)C(=C(C)C1=O)C,1,0,0,0,0,2,0,1,220.311,0.005,484.985,428.716,47.805,8.464,0,837.59,0,4,0,0,0.8860489,26.163,6.492,9.891,4.768,2.491,-2.988,-2.256,-3.416,3487.936,0.037,1908.984,-2.179,10.308,1.64,4,-0.105,3,100,0,0,45.569,2,0,6,0,6,0,16,0,1.502
41_1-wt-1,CC(C)c1c([O])c(C)c(C)c(O)c1C(C)C,1,0,0,0,0,4,0,0,222.327,3.125,485.008,420.457,44.124,20.427,0,838.293,2,1.5,0.0116508,0.0043738,0.8865025,25.021,7.014,11.145,4.85,3.346,-3.606,-3.28,-3.466,3779.837,-0.052,2082.236,-1.877,8.465,-0.156,6,0.3,3,100,0,0,32.112,2,0,6,0,6,0,16,0,0.732
42_0-wt-1,CC1=C(C)C(=O)C2=C(OCO2)C1=O,3,0,0,0,0,0,1,0,180.16,2.459,344.426,214.097,108.686,21.642,0,562.038,0,5.5,0.0107579,0,0.9562682,16.545,4.852,7.975,6.852,-0.444,0.136,-0.822,-2.343,923.056,-0.229,453.697,-3.446,9.516,1.849,2,-1.222,3,77.421,0,0,76.257,4,0,9,0,9,1,13,0,88.113
42_1-wt-1,Cc1c(C)c(O)c2OCOc2c1[O],0,0,0,0,0,2,1,0,182.176,1.155,352.695,213.296,94.113,45.286,0,568.744,2,3,0.0023458,0.0120292,0.9412604,15.755,5.28,9.014,6.959,0.88,-1.404,-2.184,-2.698,1268.891,-0.265,639.94,-2.902,8.644,-0.077,4,-0.466,3,87.644,0,0,60.455,4,0,9,0,9,1,13,0,9.004
43_0-wt-1,CC(C)(C)C1=CC(=O)C(=CC1=O)C(C)(C)C,4,0,0,0,0,2,0,0,220.311,0,473.418,372.955,69.166,31.297,0,833.069,0,4,0,0,0.9044285,26.2,6.878,10.095,5.041,2.204,-2.768,-2.256,-3.228,2187.771,-0.121,1153.06,-2.492,10.676,1.734,0,-0.119,3,100,0,0,49.334,2,0,6,0,6,0,16,0,1.21
43_1-wt-1,CC(C)(C)c1cc(O)c(cc1[O])C(C)(C)C,2,0,0,0,0,4,0,0,222.327,0.001,476.235,371.595,62.49,42.149,0,836.42,2,1.5,0,0.0044544,0.9014889,25.154,7.374,11.197,5.101,3.302,-3.505,-3.28,-3.327,2531.089,-0.19,1349.825,-2.139,8.578,-0.183,2,0.299,3,100,0,0,35.133,2,0,6,0,6,0,16,0,0.577
44_0-wt-1,CC(C)(C)C1=CC(=O)C=C(C1=O)C(C)(C)C,2,0,0,0,0,2,0,0,220.311,1.657,478.666,372.324,72.409,33.932,0,837.677,0,4,0.0032794,0,0.8978087,26.41,6.92,10.217,5.093,2.216,-2.868,-2.256,-3.347,2038.179,-0.156,1068.081,-2.542,10.634,1.732,2,-0.105,3,100,0,0,49.303,2,0,6,0,6,0,16,0,0.856
44_1-wt-1,CC(C)(C)c1cc(O)cc(c1[O])C(C)(C)C,1,0,0,0,0,4,0,0,222.327,3.312,474.876,370.063,61.705,43.109,0,834.212,2,1.5,0.0131471,0.0044671,0.9024766,25.074,7.361,11.35,5.099,3.249,-3.423,-3.28,-3.316,2574.872,-0.183,1375.081,-2.121,8.55,-0.22,4,0.293,3,100,0,0,34.521,2,0,6,0,6,0,16,0,0.636
45_0-wt-1,CC(C)C1=CC(=O)C=C(C(C)C)C1=O,2,0,0,0,0,2,0,0,192.257,1.291,450.984,323.035,85.828,42.121,0,749.464,0,4,0.0022253,0,0.8847844,22.958,6.108,9.021,5.174,1.697,-2.343,-1.66,-3.597,1520.51,-0.288,778.142,-2.761,10.732,1.79,4,-0.361,3,93.831,0,0,54.031,2,0,6,0,6,0,14,0,1.512
45_1-wt-1,CC(C)c1cc(O)cc(C(C)C)c1[O],1,0,0,0,0,4,0,0,194.273,3.132,455.397,322.043,83.779,49.576,0,754.506,2,1.5,0.0130027,0.0046582,0.8801363,21.946,6.619,10.297,5.247,2.494,-3.073,-2.718,-3.708,1590.099,-0.399,816.706,-2.505,8.626,-0.188,6,0.07,3,100,0,0,40.633,2,0,6,0,6,0,14,0,0.514
46_0-wt-1,CC(C)CCCCCC1=CC(=O)C(=CC1=O)CCCCCC(C)C,5,0,0,0,0,12,0,-2,332.525,0.535,768.114,627.591,87.456,53.067,0,1343.626,0,4,0.0002134,0,0.7666404,40.419,11.881,14.506,3.816,5.57,-6.725,-4.639,-5.561,1467.418,-1.152,748.816,-1.792,10.725,1.818,2,0.939,1,100,0,0,56.31,2,1,6,0,6,0,24,1,0.001
46_1-wt-1,CC(C)CCCCCc1cc(O)c(CCCCCC(C)C)cc1[O],3,0,0,0,0,13,0,-2,332.525,0.259,768.428,603.266,76.132,89.03,0,1335.452,2,1.5,0.0000504,0.0027606,0.7632163,39.794,12.448,15.793,4.231,6.377,-7.35,-5.543,-5.788,1879.06,-1.091,978.245,-1.361,8.597,-0.011,4,1.292,1,100,0,0,40.844,2,1,6,0,6,0,24,1,0.001
47_0-wt-1,CC1=CC(=O)C(=C(C)C1=O)C,3,0,0,0,0,0,0,0,150.177,0.795,365.028,226.204,98.036,40.788,0,578.809,0,4,0.0010917,0,0.9201587,17.399,4.711,7.243,5.482,0.494,-1.02,-0.766,-3.018,1164.734,-0.208,583.355,-3.183,10.389,1.746,3,-0.772,3,84.72,0,0,55.364,2,0,6,0,6,0,11,0,8.993
47_1-wt-1,Cc1cc([O])c(C)c(C)c1O,2,0,0,0,0,2,0,0,152.193,0.528,369.345,226.682,80.756,61.907,0,584.945,2,1.5,0.0004773,0.0057435,0.91582,16.563,5.215,8.374,5.544,1.467,-1.812,-1.899,-3.189,1698.604,-0.199,877.106,-2.598,8.534,-0.186,5,-0.291,3,93.346,0,0,40.23,2,0,6,0,6,0,11,0,5.111
48_0-wt-1,CC(C)CCC[C@@H](C)CCC[C@@H](C)CCCC(/C)=C/CC1=C(C)C(=O)C(=C(C)C1=O)C,7,0,0,0,0,14,0,-2,428.697,0.731,935.468,854.361,65.222,15.885,0,1690.038,0,4,0.0003161,0,0.7335008,52.644,15.048,18.466,3.374,7.94,-9.571,-6.681,-5.92,2384.523,-1.088,1265.542,-1.321,9.625,1.672,6,1.86,1,100,0,0,51.801,2,1,6,0,6,0,31,1,0
48_0-wt-1,CC(C)CCC[C@@H](C)CCC[C@@H](C)CCCC(/C)=C/CC1=C(C)C(=O)C(=C(C)C1=O)C,6,0,0,0,0,14,0,-2,428.697,0.707,900.151,814.31,67.544,18.296,0,1673.941,0,4,0.0002989,0,0.7574313,52.022,14.665,18.405,3.321,7.822,-8.901,-6.681,-5.544,2266.639,-1.065,1198.054,-1.356,9.684,1.684,6,1.813,1,100,0,0,51.949,2,1,6,0,6,0,31,1,0
48_0-wt-1,CC(C)CCC[C@@H](C)CCC[C@@H](C)CCCC(/C)=C/CC1=C(C)C(=O)C(=C(C)C1=O)C,6,0,0,0,0,14,0,-2,428.697,0.419,900.952,808.019,72.457,20.477,0,1664.191,0,4,0.0001056,0,0.753816,51.653,14.663,18.276,3.371,7.727,-8.917,-6.681,-5.613,2036.072,-1.13,1066.888,-1.439,9.677,1.692,6,1.785,1,100,0,0,52.574,2,1,6,0,6,0,31,1,0
48_0-wt-1,CC(C)CCC[C@@H](C)CCC[C@@H](C)CCCC(/C)=C/CC1=C(C)C(=O)C(=C(C)C1=O)C,7,0,0,0,0,14,0,-2,428.697,0.666,942.798,858.193,64.715,19.89,0,1698.337,0,4,0.0002615,0,0.7301787,53.014,15.192,18.581,3.415,8.002,-9.71,-6.681,-5.993,2411.071,-1.089,1280.778,-1.298,9.629,1.673,6,1.884,1,100,0,0,51.467,2,1,6,0,6,0,31,1,0
48_1-wt-1,CC(C)CCC[C@@H](C)CCC[C@@H](C)CCCC(/C)=C/Cc1c(C)c(O)c(C)c(C)c1[O],8,0,0,0,0,16,0,-2,430.713,2.994,934.184,830.168,66.039,37.978,0,1690.837,2,1.5,0.0053006,0.0022708,0.7347402,51.602,15.656,19.71,3.552,8.684,-9.954,-7.592,-6.005,2342.368,-1.216,1241.376,-1.067,8.502,-0.168,8,2.175,1,100,0,0,37.561,2,1,6,0,6,0,31,2,0
48_1-wt-1,CC(C)CCC[C@@H](C)CCC[C@@H](C)CCCC(/C)=C/Cc1c(C)c(O)c(C)c(C)c1[O],8,0,0,0,0,16,0,-2,430.713,2.913,937.44,833.983,66.671,36.787,0,1694.023,2,1.5,0.005008,0.0022629,0.7331075,51.719,15.702,19.738,3.556,8.699,-10.014,-7.592,-6.026,2310.266,-1.228,1222.998,-1.082,8.503,-0.167,8,2.184,1,100,0,0,37.68,2,1,6,0,6,0,31,2,0
48_1-wt-1,CC(C)CCC[C@@H](C)CCC[C@@H](C)CCCC(/C)=C/Cc1c(C)c(O)c(C)c(C)c1[O],8,0,0,0,0,16,0,-2,430.713,2.968,937.67,834.143,67.097,36.429,0,1694.786,2,1.5,0.0051988,0.0022623,0.7331483,51.746,15.71,19.752,3.557,8.7,-10.019,-7.592,-6.024,2288.843,-1.233,1210.744,-1.092,8.503,-0.167,8,2.186,1,100,0,0,37.694,2,1,6,0,6,0,31,2,0
48_1-wt-1,CC(C)CCC[C@@H](C)CCC[C@@H](C)CCCC(/C)=C/Cc1c(C)c(O)c(C)c(C)c1[O],8,0,0,0,0,16,0,-2,430.713,2.881,940.426,836.572,66.692,37.162,0,1695.775,2,1.5,0.0048946,0.0022557,0.7312838,51.792,15.744,19.752,3.566,8.71,-10.07,-7.592,-6.057,2309.179,-1.232,1222.375,-1.082,8.504,-0.165,8,2.188,1,100,0,0,37.549,2,1,6,0,6,0,31,2,0
49_0-wt-1,CCC(C)(C)C(O)=O.O=C1C=CC(=O)C=C1,8,0,0,1,0,2,0,-1,116.16,2.965,321.399,240.541,80.858,0,0,497.562,1,2,0.0176698,0.0062228,0.9448265,12.474,3.916,5.944,4.036,1.463,-0.934,-0.828,-0.617,429.265,-0.161,252.237,-2.818,10.929,-1.133,0,-0.633,3,82.633,0,0,45.193,2,0,0,0,0,0,8,0,12.36
49_1-wt-1,CCC(C)(C)C(O)=O.[O]c1ccc(O)cc1,8,0,0,1,0,2,0,-1,116.16,2.965,321.399,240.541,80.858,0,0,497.517,1,2,0.0176714,0.0062228,0.9447703,12.472,3.915,5.943,4.036,1.463,-0.934,-0.828,-0.618,429.265,-0.161,252.237,-2.818,10.929,-1.133,0,-0.634,3,82.632,0,0,45.193,2,0,0,0,0,0,8,0,12.36
50_0-wt-1,CC1=C(C)C(=O)C(=C(C)C1=O)SCCC(O)=O,1,0,0,1,0,4,0,-1,254.3,2.844,454.495,288.797,132.097,2.35,31.251,799.316,1,6.5,0.0101193,0.0143016,0.916464,23.289,7.326,12.392,8.723,1.402,-1.939,-2.239,-1.087,140.226,-0.649,111.636,-3.562,9.265,1.862,4,-0.696,3,73.58,0,0,99.516,4,0,6,0,6,0,17,0,0.802
50_1-wt-1,Cc1c(C)c(O)c(C)c(SCCC(O)=O)c1[O],0,0,0,1,0,6,0,-1,256.316,2.749,466.452,258.749,153.978,27.686,26.039,810.441,3,4,0.0093261,0.014853,0.9012368,22.692,8.075,13.752,9.097,1.975,-2.379,-3.066,-1.455,86.961,-0.998,62.369,-3.684,8.739,0.568,6,-0.425,3,73.222,0,0,84.921,4,0,6,0,6,0,17,0,0.222
51_0-wt-1,CC1=C(C)C(=O)C(=C(C)C1=O)C,2,0,0,0,0,0,0,0,164.204,0,386.563,284.294,87.066,15.204,0,626.891,0,4,0,0,0.9163736,19.079,4.924,7.718,5.285,0.821,-1.448,-1.064,-2.958,1479.977,-0.128,755.745,-3.071,10.334,1.673,4,-0.632,3,88.492,0,0,53.004,2,0,6,0,6,0,12,0,4.973
51_1-wt-1,Cc1c(C)c(O)c(C)c(C)c1[O],2,0,0,0,0,2,0,0,166.219,0,390.692,285.953,69.293,35.447,0,632.517,2,1.5,0,0.0054297,0.9121066,18.214,5.415,8.842,5.337,1.894,-2.229,-2.168,-3.123,2181.718,-0.112,1149.612,-2.48,8.481,-0.182,6,-0.166,3,100,0,0,38.284,2,0,6,0,6,0,12,0,3.102
52_0-wt-1,CC(C)C1=C(C(C)C)C(=O)C(=C(C(C)C)C1=O)C(C)C,1,0,0,0,0,4,0,1,276.418,0.004,572.834,552.471,19.071,1.292,0,1040.571,0,4,0,0,0.8669305,32.934,8.086,12.042,4.294,4.005,-4.327,-3.447,-3.691,6532.093,0.153,3761.189,-1.482,10.207,1.575,4,0.399,3,100,0,0,38.187,2,0,6,0,6,0,20,0,0.429
52_1-wt-1,CC(C)c1c([O])c(C(C)C)c(C(C)C)c(O)c1C(C)C,1,0,0,0,0,6,0,0,278.434,3.278,567.084,536.908,25.972,4.204,0,1032.664,2,1.5,0.0104079,0.0037407,0.8712781,31.361,8.551,13.176,4.372,4.693,-4.772,-4.424,-3.635,5618.284,-0.026,3195.824,-1.407,8.424,-0.152,6,0.752,3,100,0,0,28.152,2,0,6,0,6,0,20,0,0.184
53_0-wt-1,CC(=O)C1=CC(=O)C=CC1=O,4,0,0,0,0,1,0,-1,150.134,3.255,341.353,84.939,162.833,93.581,0,532.377,0,6,0.0199034,0,0.9306235,15.403,5.149,8.273,7.974,-1.132,0.619,0.162,-3.101,282.976,-0.75,126.403,-4.095,10.794,2.237,0,-1.484,2,64.198,0,0,87.273,3,0,6,0,6,0,11,0,50.14
53_1-wt-1,CC(=O)c1cc(O)ccc1[O],1,0,0,0,0,3,0,-1,152.149,3.664,349.439,81.813,144.307,123.319,0,541.233,1,2.5,0.0247979,0.0071543,0.9191419,14.758,5.43,7.547,5.646,1.33,-1.374,-1.701,-3.428,424.068,-0.756,195.727,-3.457,9.002,0.55,2,-0.481,3,81.76,0,0,70.93,3,0,6,0,6,0,11,0,2.346
53_1-wt-1,CC(=O)c1cc(O)ccc1[O],1,0,0,0,0,3,0,-1,152.149,3.289,350.876,81.688,145.312,123.877,0,542.195,1,2.5,0.0199556,0.007125,0.9164631,14.801,5.423,7.497,5.66,1.33,-1.39,-1.701,-3.474,414.868,-0.771,191.142,-3.473,8.786,0.507,2,-0.48,3,81.588,0,0,71.286,3,0,6,0,6,0,11,0,2.136
54_0-wt-1,CC(=O)C1=C(C)C(=O)C=CC1=O,3,0,0,0,0,2,0,-1,166.176,2.031,372.817,154.421,137.098,81.299,0,596.974,0,4.7,0.0069109,0,0.9196858,17.229,5.46,7.835,6.29,0.057,-0.496,-0.781,-3.219,496.368,-0.638,232.033,-3.568,10.644,1.891,3,-0.991,3,75.531,0,0,75.772,3,0,6,0,6,0,12,0,14.362
54_0-wt-1,CC(=O)C1=C(C)C(=O)C=CC1=O,3,0,0,0,0,2,0,-1,166.176,2.031,372.817,154.421,137.098,81.299,0,596.974,0,4.7,0.0069107,0,0.9196858,17.229,5.46,7.835,6.29,0.057,-0.496,-0.781,-3.219,496.368,-0.638,232.033,-3.568,10.644,1.891,3,-0.991,3,75.531,0,0,75.772,3,0,6,0,6,0,12,0,14.362
54_0-wt-1,CC(=O)C1=C(C)C(=O)C=CC1=O,2,0,0,0,0,2,0,-1,166.176,3.181,376.27,157.864,138.136,80.27,0,602.695,0,4.7,0.0167905,0,0.9170603,17.448,5.495,8.045,6.298,0.093,-0.561,-0.781,-3.257,485.244,-0.652,226.418,-3.591,10.53,1.792,3,-0.975,3,75.565,0,0,77.289,3,0,6,0,6,0,12,0,11.723
54_0-wt-1,CC(=O)C1=C(C)C(=O)C=CC1=O,2,0,0,0,0,2,0,-1,166.176,3.18,376.269,157.864,138.139,80.266,0,602.687,0,4.7,0.0167812,0,0.9170528,17.448,5.495,8.045,6.298,0.093,-0.561,-0.781,-3.257,485.206,-0.652,226.399,-3.591,10.53,1.792,3,-0.975,3,75.564,0,0,77.289,3,0,6,0,6,0,12,0,11.721
54_1-wt-1,CC(=O)c1c(C)c(O)ccc1[O],0,0,0,0,0,3,0,0,166.176,5.915,369.848,147.235,121.045,101.568,0,589.249,1,2.5,0.0593759,0.0067595,0.9190533,16.471,5.629,8.473,5.389,1.539,-1.848,-1.965,-3.326,704.739,-0.573,338.912,-3.105,8.96,0.388,3,-0.359,3,86.93,0,0,65.651,3,0,6,0,6,0,12,0,2.591
54_1-wt-1,CC(=O)c1c(C)c(O)ccc1[O],0,0,0,0,0,3,0,0,166.176,5.991,369.013,146.088,121.802,101.123,0,589.585,1,2.5,0.0608755,0.0067748,0.9214854,16.481,5.659,8.504,5.389,1.536,-1.837,-1.965,-3.285,693.189,-0.574,332.912,-3.12,8.743,0.315,3,-0.358,3,86.783,0,0,65.587,3,0,6,0,6,0,12,0,2.584
55_0-wt-1,CC(=O)C1=CC(=O)C(=CC1=O)C,2,0,0,0,0,1,0,-1,164.16,3.861,377.314,166.462,153.349,57.504,0,594.361,0,6,0.0250818,0,0.9060713,17.539,5.248,8.942,7.751,-0.743,-0.063,-0.136,-3.326,348.091,-0.742,158.116,-4.047,10.745,2.171,1,-1.304,2,68.085,0,0,85.142,3,0,6,0,6,0,12,0,12.742
55_1-wt-1,CC(=O)c1cc(O)c(C)cc1[O],0,0,0,0,0,3,0,-1,166.176,4.092,378.44,165.526,134.802,78.111,0,597.976,1,2.5,0.0279996,0.0066061,0.9070358,16.597,5.538,8.093,5.343,1.456,-1.952,-1.965,-3.409,521.882,-0.71,244.951,-3.441,8.917,0.512,3,-0.34,3,84.112,0,0,69.81,3,0,6,0,6,0,12,0,0.851
55_1-wt-1,CC(=O)c1cc(O)c(C)cc1[O],0,0,0,0,0,3,0,-1,166.176,3.769,379.924,165.299,135.774,78.852,0,598.959,1,2.5,0.0237218,0.0065803,0.904482,16.643,5.536,8.051,5.359,1.456,-1.973,-1.965,-3.454,510.927,-0.724,239.398,-3.456,8.709,0.469,3,-0.339,3,83.943,0,0,70.15,3,0,6,0,6,0,12,0,0.775
56_0-wt-1,CC(=O)C1=CC(=O)C=C(C)C1=O,2,0,0,0,0,1,0,-1,164.16,2.737,371.365,168.828,152.786,49.75,0,589.801,0,6,0.0126977,0,0.9158707,17.283,5.235,8.686,7.68,-0.778,0.05,-0.136,-3.131,352.392,-0.711,160.228,-4.064,10.737,2.162,1,-1.317,2,67.976,0,0,85.144,3,0,6,0,6,0,12,0,15.886
56_1-wt-1,CC(=O)c1cc(O)cc(C)c1[O],0,0,0,0,0,3,0,-1,166.176,3.618,378.428,164.828,134.91,78.689,0,597.537,1,2.5,0.0219052,0.0066063,0.9066204,16.585,5.534,8.006,5.348,1.453,-1.952,-1.965,-3.418,520.65,-0.712,244.326,-3.441,8.91,0.502,3,-0.342,3,84.074,0,0,69.039,3,0,6,0,6,0,12,0,0.851
56_1-wt-1,CC(=O)c1cc(O)cc(C)c1[O],0,0,0,0,0,3,0,-1,166.176,5.41,379.189,165.682,136.566,76.941,0,598.428,1,2.5,0.0489019,0.006593,0.9056998,16.604,5.534,8.386,5.349,1.443,-1.961,-1.965,-3.425,502.167,-0.727,234.965,-3.477,8.675,0.447,3,-0.34,3,83.736,0,0,69.803,3,0,6,0,6,0,12,0,0.759
57_0-wt-1,CC(=O)C1=C(Cl)C(=O)C=CC1=O,2,0,0,0,0,1,0,-1,184.579,4.301,360.153,78.077,141.728,84.896,55.452,569.108,0,6,0.0324989,0,0.9221648,16.79,5.637,9.074,7.836,-0.557,0.021,-0.569,-3.196,448.631,-0.472,418.646,-3.736,10.353,2.39,0,-1.377,2,71.149,0,0,81.776,3,0,6,0,6,0,12,0,35.505
57_1-wt-1,CC(=O)c1c([O])ccc(O)c1Cl,0,0,0,0,0,3,0,-1,186.594,6.184,365.883,77.372,135.266,103.493,49.752,578.042,1,2.5,0.0661629,0.0068328,0.917197,16.041,5.956,8.731,5.506,1.729,-2.082,-2.358,-3.365,516.624,-0.567,453.805,-3.36,9.082,0.597,2,-0.389,3,85.631,0,0,69.058,3,0,6,0,6,0,12,0,1.147
57_1-wt-1,CC(=O)c1c([O])ccc(O)c1Cl,0,0,0,0,0,3,0,-1,186.594,6.543,367.249,78.127,135.889,102.76,50.473,578.911,1,2.5,0.0739468,0.0068074,0.9146997,16.069,5.945,8.848,5.509,1.731,-2.097,-2.358,-3.402,509.636,-0.576,451.258,-3.374,8.892,0.502,2,-0.387,3,85.537,0,0,68.84,3,0,6,0,6,0,12,0,1.045
57_1-wt-1,CC(=O)c1c([O])ccc(O)c1Cl,0,0,0,0,0,3,0,-1,186.594,4.341,365.317,77.494,133.72,103.246,50.856,576.812,1,2.5,0.032668,0.0068434,0.917315,15.99,5.939,8.252,5.493,1.736,-2.08,-2.358,-3.362,534.358,-0.552,477.266,-3.332,8.909,0.571,2,-0.392,3,85.933,0,0,68.292,3,0,6,0,6,0,12,0,1.236
58_0-wt-1,CC(C)(C)C(=O)C1=CC(=O)C=CC1=O,2,0,0,0,0,3,0,0,194.23,1.494,411.355,185.935,133.114,92.307,0,690.142,0,4.7,0.003236,0,0.918136,20.421,6.458,8.876,6.21,0.695,-1.063,-1.377,-3.297,541.48,-0.67,254.909,-3.36,10.814,1.988,2,-0.763,3,79.944,0,0,75.717,3,0,6,0,6,0,14,0,7.34
58_0-wt-1,CC(C)(C)C(=O)C1=CC(=O)C=CC1=O,2,0,0,0,0,3,0,0,194.23,1.495,411.414,185.993,133.114,92.307,0,690.116,0,4.7,0.0032372,0,0.917983,20.42,6.456,8.875,6.21,0.695,-1.064,-1.377,-3.299,541.48,-0.67,254.909,-3.36,10.814,1.988,2,-0.763,3,79.943,0,0,75.717,3,0,6,0,6,0,14,0,7.321
58_0-wt-1,CC(C)(C)C(=O)C1=CC(=O)C=CC1=O,2,0,0,0,0,3,0,-1,194.23,2.825,409.572,184.906,142.554,82.112,0,691.282,0,4.7,0.0115437,0,0.9231486,20.369,6.508,9.013,6.201,0.626,-1.029,-1.377,-3.167,440.619,-0.733,203.997,-3.569,10.71,1.848,2,-0.76,3,77.933,0,0,79.967,3,0,6,0,6,0,14,0,4.893
58_0-wt-1,CC(C)(C)C(=O)C1=CC(=O)C=CC1=O,2,0,0,0,0,3,0,-1,194.23,2.825,409.56,184.894,142.554,82.112,0,691.336,0,4.7,0.0115431,0,0.9232243,20.371,6.509,9.014,6.201,0.626,-1.029,-1.377,-3.166,440.618,-0.732,203.997,-3.569,10.71,1.848,2,-0.76,3,77.935,0,0,79.965,3,0,6,0,6,0,14,0,4.895
58_1-wt-1,CC(C)(C)C(=O)c1cc(O)ccc1[O],0,0,0,0,0,5,0,-1,196.246,1.732,415.821,183.884,124.675,107.263,0,697.092,3,3.2,0.0043014,0.0133292,0.9143624,19.557,7.223,12.049,8.74,1.239,-1.735,-2.191,-3.429,651.034,-0.732,311.084,-2.959,8.82,-0.031,4,-0.403,3,84.557,0,0,61.954,3,0,6,0,6,0,14,0,3.966
58_1-wt-1,CC(C)(C)C(=O)c1cc(O)ccc1[O],0,0,0,0,0,5,0,-1,196.246,1.731,415.806,183.868,124.675,107.263,0,697.154,3,3.2,0.0043004,0.0133297,0.9144502,19.56,7.224,12.05,8.74,1.239,-1.735,-2.191,-3.428,651.034,-0.732,311.084,-2.959,8.82,-0.031,4,-0.403,3,84.56,0,0,61.954,3,0,6,0,6,0,14,0,3.968
59_0-wt-1,O=C1C=CC(=O)C(=C1)c2ccccc2,2,0,0,0,0,1,0,0,184.194,1.031,403.062,0,110.605,292.456,0,648.315,0,4,0.0016385,0,0.8987748,21.942,7.111,9.24,7.15,1.568,-1.584,-1.848,-4.565,885.175,-0.41,433.605,-2.432,9.761,1.926,0,-0.612,3,88.871,0,0,58.828,2,0,12,0,12,0,14,0,17.201
59_1-wt-1,[O]c1ccc(O)cc1c2ccccc2,2,0,0,0,0,3,0,0,186.21,0.054,412.436,0,97.755,314.681,0,662.081,2,1.5,0.0000044,0.0051434,0.8907362,21.421,7.708,10.482,7.262,1.945,-2.516,-2.918,-4.801,1171.892,-0.439,587.231,-1.925,8.772,-0.071,2,-0.135,3,93.262,0,0,44.052,2,0,12,0,12,0,14,0,7.506
60_0-wt-1,O=C1C=CC(=O)C(=C1c2ccccc2)c3ccccc3,2,0,0,0,0,3,0,0,260.292,1.295,498.757,0,93.615,405.142,0,863.878,0,4,0.0019426,0,0.8795175,30.361,9.83,12.213,7.59,2.81,-3.086,-3.824,-5.414,1282.769,-0.424,647.509,-1.53,9.611,1.886,0,-0.072,3,100,0,0,56.621,2,0,18,0,18,0,20,0,6.31
60_1-wt-1,[O]c1ccc(O)c(c2ccccc2)c1c3ccccc3,1,0,0,0,0,5,0,0,262.307,2.79,502.306,0,81.635,420.671,0,867.259,2,1.5,0.0089745,0.0042232,0.8755803,29.361,10.32,13.406,7.648,3.738,-3.755,-4.813,-5.551,1666.31,-0.448,859.096,-1.062,8.73,0.205,2,0.336,3,100,0,0,40.732,2,0,18,0,18,0,20,0,3.993
61_0-wt-1,O=C1C=C(C(=O)C=C1c2ccccc2)c3ccccc3,3,0,0,0,0,2,0,0,260.292,0,522.256,0,93.843,428.412,0,880.852,0,4,0,0,0.8509103,31.905,10.018,12.719,8.027,2.946,-3.694,-3.824,-5.988,1276.388,-0.421,644.028,-1.548,9.739,1.892,0,0.02,3,100,0,0,55.984,2,0,18,0,18,0,20,0,1.492
61_1-wt-1,[O]c1cc(c(O)cc1c2ccccc2)c3ccccc3,2,0,0,0,0,4,0,0,262.307,0.219,529.252,0,82.552,446.7,0,891.4,2,1.5,0.000054,0.0040081,0.8463515,31.217,10.608,13.932,8.117,3.91,-4.407,-4.813,-6.148,1633.266,-0.446,840.697,-1.083,8.653,0.274,2,0.439,3,100,0,0,41.156,2,0,18,0,18,0,20,0,0.847
62_0-wt-1,O=C1C=CC(=O)C(=C1)COc2ccccc2,1,0,0,0,0,3,0,0,214.22,1.361,455.173,27.821,111.465,315.887,0,743.353,0,4.75,0.0024935,0,0.8718702,24.685,8.066,10.538,7.738,1.43,-1.867,-2.138,-5.112,868.716,-0.595,424.897,-2.173,9.235,1.988,2,-0.622,3,87.919,0,0,66.746,3,0,12,0,12,0,16,0,19.527
62_1-wt-1,[O]c1ccc(O)cc1COc2ccccc2,0,0,0,0,0,5,0,0,216.236,1.232,464.346,25.861,98.458,340.026,0,751.774,2,2.25,0.0020193,0.0068526,0.8610885,23.969,8.615,11.72,7.862,2.533,-2.906,-3.29,-5.401,1154.034,-0.623,577.565,-1.656,8.843,0.047,4,-0.086,3,96.588,0,0,51.272,3,0,12,0,12,0,16,0,5.922
63_0-wt-1,O=C1C=CC(=O)C(=C1)[S](=O)(=O)c2ccccc2,2,0,0,0,0,2,0,-1,248.253,5.733,447.708,0,170.246,276.773,0.689,748.241,0,8,0.0439211,0,0.8902886,25.15,8.389,13.336,11.276,-0.571,-0.19,-1.354,-4.627,240.688,-0.987,107.041,-3.49,10.263,2.383,0,-1.435,2,66.226,0,0,95.055,4,0,12,0,12,0,17,0,51.866
63_1-wt-1,[O]c1ccc(O)cc1[S](=O)(=O)c2ccccc2,0,0,0,0,0,4,0,-1,250.269,6.49,446.807,0,153.665,292.397,0.745,750.021,1,4.5,0.0561568,0.0100715,0.8934983,24.086,8.652,12.581,8.843,1.425,-2.342,-3.255,-4.65,345.697,-0.959,158.423,-2.937,9.011,0.547,2,-0.326,3,80.729,0,0,77.68,4,0,12,0,12,0,17,0,1.499
63_1-wt-1,[O]c1ccc(O)cc1[S](=O)(=O)c2ccccc2,0,0,0,0,0,4,0,-1,250.269,6.29,449.171,0,152.677,295.539,0.954,751.078,1,4.5,0.0526695,0.0100185,0.8896307,24.158,8.651,12.55,8.864,1.441,-2.376,-3.255,-4.727,353.232,-0.961,162.587,-2.908,9.226,0.594,2,-0.325,3,80.989,0,0,76.096,4,0,12,0,12,0,17,0,1.461
64_0-wt-1,CC(=O)C1=C(C(=O)C=CC1=O)[S](=O)(=O)c2ccccc2,3,0,0,0,0,3,0,-1,290.29,6.362,494.626,77.589,156.154,260.582,0.301,848.339,0,10,0.0477057,0,0.876196,28.359,9.082,15.443,12.932,-0.815,0.133,-1.319,-4.778,327.408,-0.973,148.548,-3.191,10.04,2.64,0,-1.722,2,67.19,0,0,108.133,5,0,12,0,12,0,20,0,253.582
64_1-wt-1,CC(=O)c1c(O)ccc([O])c1[S](=O)(=O)c2ccccc2,0,0,0,0,0,5,0,-2,292.306,3.458,483.369,66.144,159.425,257.8,0,841.726,0,5.5,0.0142086,0,0.8919346,26.783,9.113,11.988,8.035,1.307,-1.683,-3.449,-4.51,304.837,-1.074,136.99,-3.07,9.057,0.833,2,-0.622,3,79.056,0,0,93.639,5,0,12,0,12,0,20,0,5.165
64_1-wt-1,CC(=O)c1c(O)ccc([O])c1[S](=O)(=O)c2ccccc2,0,0,0,0,0,5,0,-2,292.306,8.371,489.167,73.762,151.012,263.408,0.986,845.199,0,5.5,0.0829118,0,0.8837859,26.976,9.084,12.948,8.03,1.398,-1.797,-3.449,-4.669,366.316,-1.024,169.173,-2.895,9.162,0.906,2,-0.612,3,81.018,0,0,91.421,5,0,12,0,12,0,20,0,5.939
64_1-wt-1,CC(=O)c1c(O)ccc([O])c1[S](=O)(=O)c2ccccc2,0,0,0,0,0,5,0,-2,292.306,5.312,489.68,72.563,152.047,264.138,0.932,845.959,0,5.5,0.033357,0,0.8833892,27.013,9.101,12.287,8.043,1.396,-1.807,-3.449,-4.679,358.126,-1.035,164.977,-2.911,8.867,0.844,2,-0.61,3,80.833,0,0,92.758,5,0,12,0,12,0,20,0,5.594
64_1-wt-1,CC(=O)c1c(O)ccc([O])c1[S](=O)(=O)c2ccccc2,0,0,0,0,0,5,0,-2,292.306,5.735,481.604,63.023,162.75,255.831,0,843,0,5.5,0.0390107,0,0.8961082,26.816,9.162,12.364,8.04,1.29,-1.65,-3.449,-4.433,283.495,-1.089,126.654,-3.138,9.343,0.925,2,-0.618,3,78.392,0,0,94.523,5,0,12,0,12,0,20,0,4.768
65_0-wt-1,CC(C)(C)C(=O)C1=C(C(=O)C=CC1=O)[S](=O)(=O)c2ccccc2,2,0,0,0,0,4,0,-1,332.37,5.79,560.078,183.07,117.749,258.968,0.291,993.023,0,10,0.0337589,0,0.8594548,33.492,10.127,16.809,12.597,0.393,-0.945,-2.212,-5.041,757.331,-0.74,367.675,-2.393,10.007,2.563,0,-1.344,3,80.78,0,0,98.269,5,0,12,0,12,0,23,0,152.608
65_1-wt-1,CC(C)(C)C(=O)c1c(O)ccc([O])c1[S](=O)(=O)c2ccccc2,0,0,0,0,0,7,0,-1,336.402,7.222,543.295,158.366,129.826,255.103,0,999.876,2,6.2,0.052169,0.0161388,0.8900749,31.803,10.825,17.377,11.137,2.315,-2.937,-4.288,-4.527,581.781,-0.951,275.476,-2.341,8.872,0.888,4,-0.105,3,89.986,0,0,86.591,5,0,12,0,12,0,23,0,1.773
65_1-wt-1,CC(C)(C)C(=O)c1c(O)ccc([O])c1[S](=O)(=O)c2ccccc2,0,0,0,0,0,7,0,-1,336.402,5.485,542.992,158.171,129.692,255.128,0,999.438,2,6.2,0.0301038,0.0161478,0.8903118,31.785,10.821,17.068,11.135,2.314,-2.932,-4.288,-4.524,583.48,-0.949,276.345,-2.339,8.842,0.898,4,-0.105,3,89.999,0,0,86.423,5,0,12,0,12,0,23,0,1.803
65_1-wt-1,CC(C)(C)C(=O)c1c(O)ccc([O])c1[S](=O)(=O)c2ccccc2,0,0,0,0,0,7,0,-1,336.402,8.56,545.218,158.668,129.323,257.227,0,994.957,2,6.2,0.0736519,0.0160819,0.8840245,31.626,10.764,17.59,11.153,2.287,-2.968,-4.288,-4.635,588.209,-0.962,278.767,-2.325,9.163,0.709,4,-0.121,3,89.903,0,0,84.528,5,0,12,0,12,0,23,0,1.716
65_1-wt-1,CC(C)(C)C(=O)c1c(O)ccc([O])c1[S](=O)(=O)c2ccccc2,0,0,0,0,0,7,0,-1,336.402,8.593,547.114,155.471,131.175,260.467,0,993.466,2,6.2,0.0743267,0.0160261,0.8800813,31.597,10.769,17.591,11.192,2.265,-2.998,-4.288,-4.715,564.889,-0.987,266.84,-2.347,9.173,0.716,4,-0.128,3,89.465,0,0,86.451,5,0,12,0,12,0,23,0,1.519
66_0-wt-1,O=C1C=CC(=O)C(=C1C(=O)c2ccccc2)[S](=O)(=O)c3ccccc3,2,0,0,0,0,4,0,-1,352.361,3.77,563.793,0,148.436,415.25,0.108,1017.301,0,10,0.0139704,0,0.8676503,35.956,11.702,17.839,13.878,0.521,-1.014,-2.996,-5.654,387.507,-0.992,177.795,-2.408,9.942,2.516,0,-1.274,3,76.323,0,0,109.724,5,0,18,0,18,0,25,0,133.136
66_1-wt-1,[O]c1ccc(O)c(C(=O)c2ccccc2)c1[S](=O)(=O)c3ccccc3,0,0,0,0,0,7,0,-2,356.392,8.709,566.816,5.407,147.415,413.993,0,1021.914,2,6.2,0.0742228,0.0154691,0.8656313,34.202,12.176,18.795,12.394,2.494,-3.316,-5.036,-5.681,396.241,-1.17,181.883,-2.106,9.018,0.722,5,-0.07,3,88.045,0,0,89.913,5,0,18,0,18,0,25,0,1.35
66_1-wt-1,[O]c1ccc(O)c(C(=O)c2ccccc2)c1[S](=O)(=O)c3ccccc3,0,0,0,0,0,7,0,-2,356.392,8.768,566.352,5.16,146.203,414.989,0,1021.758,2,6.2,0.0752426,0.0154818,0.8662515,34.205,12.175,18.807,12.391,2.503,-3.308,-5.036,-5.675,406.874,-1.157,187.164,-2.08,9.016,0.714,5,-0.07,3,88.304,0,0,89.187,5,0,18,0,18,0,25,0,1.458
66_1-wt-1,[O]c1ccc(O)c(C(=O)c2ccccc2)c1[S](=O)(=O)c3ccccc3,0,0,0,0,0,7,0,-2,356.392,8.271,572.978,5.668,146.557,420.753,0,1027.414,2,6.2,0.066582,0.0153027,0.8593916,34.487,12.249,18.778,12.449,2.536,-3.416,-5.036,-5.814,403.737,-1.181,185.605,-2.066,9.171,0.752,5,-0.061,3,88.438,0,0,90.48,5,0,18,0,18,0,25,0,1.175
66_1-wt-1,[O]c1ccc(O)c(C(=O)c2ccccc2)c1[S](=O)(=O)c3ccccc3,0,0,0,0,0,7,0,-2,356.392,6.384,567.235,0.042,142.267,424.926,0,1019.179,2,6.2,0.0399872,0.0154577,0.863447,34.197,12.184,18.308,12.434,2.524,-3.322,-5.036,-5.768,443.385,-1.131,205.382,-1.973,9.156,0.767,5,-0.078,3,89.095,0,0,89.696,5,0,18,0,18,0,25,0,1.807
67_0-wt-1,CC1=C(C)C(=O)C(=CC1=O)[S](=O)(=O)c2ccccc2,1,0,0,0,0,2,0,-1,276.306,6.528,500.304,147.492,146.638,205.49,0.684,855.139,0,8,0.0498371,0,0.8708745,28.747,8.667,14.413,10.757,0.206,-1.187,-1.949,-4.601,403.026,-0.844,186.857,-3.306,10.219,2.257,2,-1.124,2,74.785,0,0,90.045,4,0,12,0,12,0,19,0,8.886
67_1-wt-1,Cc1c(C)c(O)cc(c1[O])[S](=O)(=O)c2ccccc2,0,0,0,0,0,4,0,-1,278.322,6.992,498.723,141.165,133.507,223.144,0.906,854.144,1,4.5,0.057242,0.0090231,0.8729577,27.591,8.929,13.578,8.36,2.117,-3.165,-3.806,-4.652,536.854,-0.843,255.459,-2.81,9.064,0.53,4,-0.069,3,88.201,0,0,72.343,4,0,12,0,12,0,19,0,0.295
67_1-wt-1,Cc1c(C)c(O)cc(c1[O])[S](=O)(=O)c2ccccc2,0,0,0,0,0,4,0,-1,278.322,5.626,498.126,141.827,134.851,220.779,0.67,855.221,1,4.5,0.0370114,0.0090339,0.8747376,27.612,8.941,13.315,8.352,2.112,-3.154,-3.806,-4.612,521.33,-0.851,246.747,-2.843,8.807,0.709,4,-0.066,3,87.941,0,0,74.186,4,0,12,0,12,0,19,0,0.28
68_0-wt-1,CC1=C(C)C(=O)C(=C(C)C1=O)[S](=O)(=O)c2ccccc2,1,0,0,0,0,2,0,-1,290.333,5.186,513.344,203.448,118.904,190.993,0,896.241,0,8,0.0300123,0,0.8757355,30.253,8.793,14.528,10.501,0.647,-1.431,-2.247,-4.454,738.478,-0.591,356.483,-2.846,10.006,2.126,3,-1.005,3,82.071,0,0,83.135,4,0,12,0,12,0,20,0,15.352
68_1-wt-1,Cc1c(C)c(O)c(C)c(c1[O])[S](=O)(=O)c2ccccc2,0,0,0,0,0,4,0,-1,292.349,6.23,506.438,184.783,128.006,193.648,0,888.658,1,4.5,0.043674,0.0088856,0.882664,28.691,9.067,13.734,8.14,2.336,-3.524,-4.085,-4.354,605.362,-0.773,287.564,-2.812,8.93,0.512,5,0.025,3,90.418,0,0,70.358,4,0,12,0,12,0,20,0,0.229
68_1-wt-1,Cc1c(C)c(O)c(C)c(c1[O])[S](=O)(=O)c2ccccc2,0,0,0,0,0,4,0,-1,292.349,5.67,511.7,183.67,130.067,197.963,0,889.455,1,4.5,0.0361454,0.0087942,0.8741089,28.764,9.074,13.649,8.197,2.328,-3.599,-4.085,-4.513,578.725,-0.812,273.912,-2.835,8.656,0.662,5,0.023,3,90.021,0,0,71.19,4,0,12,0,12,0,20,0,0.176
69_0-wt-1,O=C1C=C(C(=O)C=C1[S](=O)(=O)c2ccccc2)[S](=O)(=O)c3ccccc3,3,0,0,0,0,4,0,-2,388.409,9.274,598.714,0,208.716,388.435,1.563,1073.279,0,12,0.0801367,0,0.8467473,37.94,12.416,20.731,16.16,-0.531,-0.635,-2.834,-5.864,103.906,-1.615,43.653,-3.614,10.396,2.702,0,-1.646,2,59.933,0,0,128.255,6,0,18,0,18,0,26,0,21.891
69_1-wt-1,[O]c1cc(c(O)cc1[S](=O)(=O)c2ccccc2)[S](=O)(=O)c3ccccc3,0,0,0,0,0,6,0,-2,390.425,10.667,607.963,0,197.838,408.331,1.794,1077.059,0,7.5,0.1056514,0,0.8358223,36.997,12.497,18.196,11.37,1.785,-2.847,-4.964,-6.136,131.765,-1.682,56.596,-3.151,9.079,1.176,2,-0.516,3,75.338,0,0,109.91,6,0,18,0,18,0,26,0,0.396
69_1-wt-1,[O]c1cc(c(O)cc1[S](=O)(=O)c2ccccc2)[S](=O)(=O)c3ccccc3,0,0,0,0,0,6,0,-2,390.425,9.327,610.021,0,196.69,411.501,1.829,1077.769,0,7.5,0.0807229,0,0.8333696,37.056,12.514,17.866,11.389,1.802,-2.896,-4.964,-6.191,135.109,-1.682,58.176,-3.119,9.357,1.21,2,-0.514,3,75.629,0,0,108.558,6,0,18,0,18,0,26,0,0.39
70_0-wt-1,CC1=C(C(=O)C(=C(C1=O)[S](=O)(=O)c2ccccc2)C)[S](=O)(=O)c3ccccc3,1,0,0,0,0,4,0,-2,416.463,6.372,630.744,111.54,171.54,346.995,0.668,1154.286,0,12,0.0351788,0,0.8436996,40.786,12.608,20.871,15.702,0.203,-1.238,-3.43,-5.716,233.986,-1.283,103.796,-3.075,10.221,2.497,2,-1.411,2,70.54,0,0,118.817,6,0,18,0,18,0,28,0,20.263
70_1-wt-1,Cc1c([O])c(c(C)c(O)c1[S](=O)(=O)c2ccccc2)[S](=O)(=O)c3ccccc3,0,0,0,0,0,6,0,-2,418.479,4.571,641.024,114.471,158.139,367.672,0.742,1158.458,0,7.5,0.0180365,0,0.8321679,39.866,12.689,17.743,10.902,2.539,-3.464,-5.56,-6.001,313.523,-1.319,142.542,-2.563,8.888,1.111,4,-0.28,3,86.492,0,0,101.495,6,0,18,0,18,0,28,0,0.393
70_1-wt-1,Cc1c([O])c(c(C)c(O)c1[S](=O)(=O)c2ccccc2)[S](=O)(=O)c3ccccc3,0,0,0,0,0,6,0,-2,418.479,9.992,641.579,113.073,160.038,367.504,0.963,1160.97,0,7.5,0.085992,0,0.83265,39.965,12.727,18.722,10.916,2.543,-3.476,-5.56,-5.993,300.79,-1.335,136.675,-2.598,8.673,1.084,4,-0.273,3,86.193,0,0,102.057,6,0,18,0,18,0,28,0,0.353
70_1-wt-1,Cc1c([O])c(c(C)c(O)c1[S](=O)(=O)c2ccccc2)[S](=O)(=O)c3ccccc3,1,0,0,0,0,6,0,-2,418.479,0.004,638.039,114.684,155.375,365.938,2.042,1152.501,0,7.5,0,0,0.8331927,39.611,12.612,17.398,10.865,2.522,-3.413,-5.56,-5.976,333.027,-1.285,154.665,-2.518,9.076,1.169,4,-0.297,3,86.863,0,0,95.229,6,0,18,0,18,0,28,0,0.49
71_0-wt-1,CC1=C(C(=O)C(=C(C)C1=O)[S](=O)(=O)c2ccccc2)[S](=O)(=O)c3ccccc3,2,0,0,0,0,4,0,-2,416.463,6.127,555.216,128.725,170.885,255.271,0.335,1096.012,0,12,0.034253,0,0.9259342,37.578,11.686,19.83,14.891,-0.281,0.194,-3.43,-3.948,237.357,-1.006,104.971,-3.386,10.274,2.568,2,-1.58,2,67.815,0,0,116.545,6,0,18,0,18,0,28,0,268.139
71_1-wt-1,Cc1c(O)c(C)c(c([O])c1[S](=O)(=O)c2ccccc2)[S](=O)(=O)c3ccccc3,0,0,0,0,0,6,0,-2,418.479,7.333,636.362,91.373,178.758,365.388,0.844,1149.346,1,8.5,0.0467801,0.0133572,0.8338628,39.48,12.962,20.098,13.466,2.14,-3.786,-5.389,-5.963,199.867,-1.51,87.732,-2.951,9.08,0.983,4,-0.179,3,80.657,0,0,103.258,6,0,18,0,18,0,28,0,0.077
72_0-wt-1,FC(F)(F)C1=CC(=O)C=CC1=O,4,0,0,0,0,0,0,0,176.095,2.662,332.612,0.598,111.582,107.247,113.184,510.406,0,4,0.0138824,0,0.9286203,15.297,3.887,7.433,5.988,0.473,-0.919,-1.317,-3.198,866.489,-0.021,1766.454,-3.198,11.447,2.447,1,-0.97,3,82.298,113.184,0,58.741,2,0,6,0,6,0,12,0,13.441
72_1-wt-1,[O]c1ccc(O)cc1C(F)(F)F,1,0,0,0,0,2,0,0,178.111,3.192,337.469,0.58,95.692,128.658,112.539,517.547,2,1.5,0.0196819,0.006286,0.9237704,14.503,4.411,8.67,6.062,1.563,-1.745,-2.399,-3.379,1225.896,-0.028,2549.459,-2.638,9.254,0.538,3,-0.463,3,91.373,112.539,0,43.18,2,0,6,0,6,0,12,0,6.25
72_1-wt-1,[O]c1ccc(O)cc1C(F)(F)F,2,0,0,0,0,2,0,0,178.111,0.796,337.732,0.52,95.065,128.073,114.074,517.324,2,1.5,0.0012257,0.0062811,0.9227862,14.488,4.379,8.413,6.055,1.57,-1.753,-2.399,-3.392,1242.796,-0.021,2638.033,-2.628,9.026,0.512,3,-0.464,3,91.523,114.074,0,42.864,2,0,6,0,6,0,12,0,6.226
73_0-wt-1,O=C1C=CC(=O)C(=C1)C(=O)c2ccccc2,1,0,0,0,0,3,0,-1,214.22,1.496,426.863,12.331,147.945,266.587,0,715.72,0,4.7,0.0031277,0,0.9065086,23.109,7.951,10.15,7.534,0.964,-1.357,-2.161,-4.316,391.685,-0.818,179.623,-3.019,9.765,1.996,3,-0.689,3,78.997,0,0,80.205,3,0,12,0,12,0,16,0,9.014
73_0-wt-1,O=C1C=CC(=O)C(=C1)C(=O)c2ccccc2,1,0,0,0,0,3,0,-1,214.22,1.499,426.61,12.381,147.657,266.572,0,715.376,0,4.7,0.0031396,0,0.9067562,23.095,7.948,10.144,7.531,0.964,-1.352,-2.161,-4.312,394.155,-0.815,180.848,-3.014,9.765,1.996,3,-0.69,3,79.045,0,0,80.176,3,0,12,0,12,0,16,0,9.225
73_0-wt-1,O=C1C=CC(=O)C(=C1)C(=O)c2ccccc2,1,0,0,0,0,3,0,-1,214.22,2.584,427.906,13.35,142.326,272.23,0,717.658,0,4.7,0.0093035,0,0.9059304,23.24,7.967,10.261,7.536,1.022,-1.377,-2.161,-4.352,442.818,-0.773,205.098,-2.896,9.875,1.86,3,-0.683,3,80.292,0,0,77.723,3,0,12,0,12,0,16,0,11.445
73_0-wt-1,O=C1C=CC(=O)C(=C1)C(=O)c2ccccc2,1,0,0,0,0,3,0,-1,214.22,2.584,427.906,13.35,142.326,272.23,0,717.658,0,4.7,0.0093034,0,0.9059304,23.24,7.967,10.261,7.536,1.022,-1.377,-2.161,-4.352,442.819,-0.773,205.098,-2.896,9.875,1.86,3,-0.683,3,80.292,0,0,77.723,3,0,12,0,12,0,16,0,11.445
73_1-wt-1,[O]c1ccc(O)cc1C(=O)c2ccccc2,0,0,0,0,0,4,0,-1,214.22,3.571,436.828,0,136.067,300.76,0,714.916,1,2.5,0.0178396,0.0057231,0.8851657,22.761,8.161,10.408,6.786,2.333,-2.705,-3.262,-4.824,507.659,-0.835,237.743,-2.584,8.97,0.613,2,-0.082,3,89.03,0,0,68.754,3,0,12,0,12,0,16,0,1.101
73_1-wt-1,[O]c1ccc(O)cc1C(=O)c2ccccc2,0,0,0,0,0,4,0,-1,214.22,4.215,435.399,0,136.346,299.053,0,713.344,1,2.5,0.0249095,0.0057419,0.8867682,22.682,8.146,10.48,6.773,2.317,-2.68,-3.262,-4.79,504.577,-0.834,236.184,-2.595,8.729,0.771,2,-0.086,3,88.891,0,0,69.039,3,0,12,0,12,0,16,0,1.137
75_0-wt-1,CC1=C(C(=O)C=CC1=O)C(=O)c2ccccc2,1,0,0,0,0,3,0,0,228.247,1.631,460.096,76,125.097,258.999,0,774.481,0,4.7,0.003434,0,0.8864565,25.388,8.179,10.788,7.407,1.496,-1.975,-2.459,-4.604,645.071,-0.679,308.005,-2.625,9.562,1.917,4,-0.518,3,85.994,0,0,75.17,3,0,12,0,12,0,17,0,5.586
75_0-wt-1,CC1=C(C(=O)C=CC1=O)C(=O)c2ccccc2,1,0,0,0,0,3,0,0,228.247,1.631,460.087,75.998,125.097,258.992,0,774.464,0,4.7,0.0034344,0,0.8864611,25.387,8.178,10.788,7.407,1.496,-1.975,-2.459,-4.604,645.068,-0.679,308.004,-2.625,9.562,1.917,4,-0.518,3,85.993,0,0,75.17,3,0,12,0,12,0,17,0,5.588
75_0-wt-1,CC1=C(C(=O)C=CC1=O)C(=O)c2ccccc2,1,0,0,0,0,3,0,0,228.247,1.596,452.77,72.221,126.38,254.169,0,764.34,0,4.7,0.0033306,0,0.8929182,24.936,8.097,10.642,7.365,1.416,-1.846,-2.459,-4.477,627.244,-0.674,298.815,-2.665,9.6,1.898,4,-0.548,3,85.304,0,0,74.124,3,0,12,0,12,0,17,0,7.002
75_0-wt-1,CC1=C(C(=O)C=CC1=O)C(=O)c2ccccc2,1,0,0,0,0,3,0,0,228.247,1.599,452.725,72.196,126.362,254.167,0,764.332,0,4.7,0.0033462,0,0.8930014,24.936,8.098,10.642,7.365,1.416,-1.845,-2.459,-4.475,627.5,-0.674,298.947,-2.665,9.599,1.898,4,-0.548,3,85.307,0,0,74.128,3,0,12,0,12,0,17,0,7.022
75_1-wt-1,Cc1c(O)ccc([O])c1C(=O)c2ccccc2,0,0,0,0,0,5,0,-1,230.263,3.62,440.919,57.299,118.201,265.419,0,751.891,3,3.2,0.0174281,0.0125705,0.9069341,23.261,8.781,13.743,9.832,1.793,-2.135,-3.17,-4.304,749.89,-0.696,362.441,-2.283,8.76,0.04,6,-0.277,3,88.899,0,0,59.261,3,0,12,0,12,0,17,0,8.8
75_1-wt-1,Cc1c(O)ccc([O])c1C(=O)c2ccccc2,0,0,0,0,0,5,0,-1,230.263,3.618,440.923,57.299,118.204,265.42,0,751.896,3,3.2,0.0174109,0.0125704,0.9069308,23.261,8.781,13.743,9.833,1.793,-2.135,-3.17,-4.304,749.843,-0.696,362.417,-2.283,8.76,0.04,6,-0.277,3,88.899,0,0,59.262,3,0,12,0,12,0,17,0,8.798
76_0-wt-1,CC1=CC(=O)C(=CC1=O)C(=O)c2ccccc2,1,0,0,0,0,3,0,-1,228.247,1.704,467.568,96.479,135.231,235.858,0,783.013,0,4.7,0.0037062,0,0.8786842,25.508,8.121,10.828,7.336,1.455,-2.111,-2.459,-4.62,517.015,-0.785,242.483,-2.893,9.739,1.927,3,-0.494,3,84.03,0,0,78.32,3,0,12,0,12,0,17,0,2.174
76_0-wt-1,CC1=CC(=O)C(=CC1=O)C(=O)c2ccccc2,1,0,0,0,0,3,0,-1,228.247,1.682,468.765,96.507,136.132,236.126,0,784.081,0,4.7,0.0036075,0,0.8772366,25.554,8.13,10.844,7.347,1.456,-2.132,-2.459,-4.645,506.945,-0.797,237.382,-2.909,9.74,1.927,3,-0.49,3,83.884,0,0,78.29,3,0,12,0,12,0,17,0,1.99
76_0-wt-1,CC1=CC(=O)C(=CC1=O)C(=O)c2ccccc2,1,0,0,0,0,3,0,-1,228.247,1.924,456.775,97.422,130.738,228.615,0,774.628,0,4.7,0.0047781,0,0.8930146,25.104,8.051,10.703,7.23,1.423,-1.919,-2.459,-4.353,570.314,-0.71,269.612,-2.836,9.847,1.792,3,-0.518,3,84.605,0,0,75.964,3,0,12,0,12,0,17,0,3.972
76_0-wt-1,CC1=CC(=O)C(=CC1=O)C(=O)c2ccccc2,1,0,0,0,0,3,0,-1,228.247,1.923,456.783,97.415,130.764,228.604,0,774.638,0,4.7,0.0047752,0,0.8930049,25.104,8.052,10.703,7.23,1.423,-1.919,-2.459,-4.354,569.987,-0.711,269.444,-2.836,9.847,1.793,3,-0.518,3,84.6,0,0,75.971,3,0,12,0,12,0,17,0,3.966
76_1-wt-1,Cc1cc([O])c(cc1O)C(=O)c2ccccc2,0,0,0,0,0,4,0,-1,228.247,3.902,465.258,83.676,126.551,255.031,0,771.248,1,2.5,0.0197384,0.0053734,0.8741791,24.578,8.273,10.93,6.479,2.677,-3.241,-3.542,-4.784,624.906,-0.782,297.612,-2.569,8.886,0.58,3,0.067,3,92.659,0,0,67.641,3,0,12,0,12,0,17,0,0.38
76_1-wt-1,Cc1cc([O])c(cc1O)C(=O)c2ccccc2,0,0,0,0,0,4,0,-1,228.247,4.084,463.899,83.595,127.299,253.005,0,769.771,1,2.5,0.0216694,0.0053891,0.875621,24.5,8.258,10.933,6.467,2.66,-3.216,-3.542,-4.751,614.786,-0.784,292.405,-2.59,8.666,0.733,3,0.063,3,92.434,0,0,67.87,3,0,12,0,12,0,17,0,0.383
77_0-wt-1,COC1=CC(=O)C=CC1=O,4,0,0,0,0,1,0,-1,138.123,1.994,316.631,88.396,114.45,113.785,0,488.887,0,4.75,0.0081317,0,0.9478747,13.856,4.668,6.717,6.492,-0.09,0.433,-0.163,-2.918,813.896,-0.346,395.991,-3.132,10.771,1.981,1,-1.276,3,78.51,0,0,67.606,3,0,6,0,6,0,10,0,275.951
77_1-wt-1,COc1cc(O)ccc1[O],1,0,0,0,0,3,0,0,140.138,1.268,327.412,93.282,105.91,128.22,0,501.423,2,2.25,0.0032088,0.0097186,0.9322668,13.211,5.125,7.87,6.583,0.998,-0.662,-1.51,-3.239,980.754,-0.43,484.426,-2.732,8.56,-0.128,3,-0.604,3,86.332,0,0,52.521,3,0,6,0,6,0,10,0,31.005
78_0-wt-1,COC1=C(C)C(=O)C=CC1=O,2,0,0,0,0,1,0,0,152.149,1.85,342.866,155.567,102.806,84.493,0,543.045,0,4.75,0.0063013,0,0.9388526,15.743,4.865,7.234,6.276,0.02,-0.065,-0.46,-2.924,1049.516,-0.274,521.239,-3.021,10.432,1.918,2,-1.119,3,81.135,0,0,64.662,3,0,6,0,6,0,11,0,125.052
78_1-wt-1,COc1c(C)c(O)ccc1[O],0,0,0,0,0,3,0,0,154.165,3.539,345.778,151.334,89.515,104.929,0,548.403,2,2.25,0.0228384,0.0092024,0.937061,14.869,5.408,8.61,6.358,1.01,-1.313,-1.757,-3.051,1402.907,-0.297,713.298,-2.512,8.755,-0.016,4,-0.49,3,89.186,0,0,49.74,3,0,6,0,6,0,11,0,28.611
79_0-wt-1,COC1=C(OC)C(=O)C=CC1=O,3,0,0,0,0,2,0,0,168.149,0.599,355.469,169.251,104.898,81.32,0,569.256,0,5.5,0.0006312,0,0.9344749,16.12,5.09,7.658,6.817,-0.3,0.252,-0.452,-2.98,1002.654,-0.358,496.129,-2.974,10.491,2.012,2,-1.286,3,78.902,0,0,74.258,4,0,6,0,6,0,12,0,318.758
79_1-wt-1,COc1c([O])ccc(O)c1OC,1,0,0,0,0,4,0,0,170.165,5.251,341.771,149.41,87.738,104.623,0,556.497,2,3,0.0495501,0.0124137,0.9573519,14.548,5.698,9.263,6.852,0.931,-0.706,-1.854,-2.721,1458.412,-0.316,743.85,-2.384,8.86,0.126,4,-0.57,3,89.023,0,0,58.944,4,0,6,0,6,0,12,0,86.6
80_0-wt-1,COC1=CC(=O)C(=CC1=O)OC,3,0,0,0,0,2,0,0,168.149,3.754,347.404,176.819,99.629,70.956,0,560.266,0,5.5,0.0251599,0,0.9460782,15.661,5.007,7.812,6.692,-0.335,0.405,-0.452,-2.743,1124.92,-0.299,561.832,-2.914,10.775,1.995,2,-1.312,3,79.595,0,0,73.333,4,0,6,0,6,0,12,0,521.095
80_1-wt-1,COc1cc(O)c(OC)cc1[O],1,0,0,0,0,4,0,0,170.165,0,365.329,186.611,102.317,76.401,0,579.095,2,3,0,0.0116132,0.9197029,15.183,5.445,8.765,6.816,0.909,-0.926,-1.854,-3.196,1060.776,-0.484,527.286,-2.752,8.288,-0.088,4,-0.539,3,86.42,0,0,59.879,4,0,6,0,6,0,12,0,15.959
81_0-wt-1,COC1=CC(=O)C=C(OC)C1=O,3,0,0,0,0,2,0,0,168.149,3.816,348.44,176.06,100.822,71.558,0,561.341,0,5.5,0.0259448,0,0.9444713,15.71,5.014,7.844,6.706,-0.335,0.385,-0.452,-2.772,1095.983,-0.311,546.227,-2.934,10.738,2.001,2,-1.309,3,79.39,0,0,73.509,4,0,6,0,6,0,12,0,475.78
81_1-wt-1,COc1cc(O)cc(OC)c1[O],0,0,0,0,0,4,0,0,170.165,3.686,365.709,186.588,102.181,76.94,0,579.404,2,3,0.0234497,0.0116012,0.9190749,15.2,5.445,9.091,6.819,0.912,-0.929,-1.854,-3.208,1063.95,-0.484,528.991,-2.748,8.499,-0.206,4,-0.539,3,86.461,0,0,59.673,4,0,6,0,6,0,12,0,15.901
82_0-wt-1,COC1=C(OC)C(=O)C(=CC1=O)C,2,0,0,0,0,2,0,0,182.176,0.715,383.602,244.468,100.403,38.732,0,623.368,0,5.5,0.0008194,0,0.9199833,17.879,5.181,8.163,6.565,0.034,-0.281,-0.75,-3.011,1106.061,-0.348,551.658,-3.041,10.081,1.887,3,-1.129,3,81.622,0,0,72.347,4,0,6,0,6,0,13,0,86.688
82_1-wt-1,COc1c([O])cc(C)c(O)c1OC,0,0,0,0,0,4,0,0,184.191,1.186,389.054,247.8,85.886,55.367,0,632.725,2,3,0.0022222,0.010905,0.9161474,17.128,5.712,9.358,6.618,1.584,-1.503,-2.106,-3.153,1518.601,-0.36,777.086,-2.523,8.723,0.134,5,-0.414,3,93.164,0,0,56.806,4,0,6,0,6,0,13,0,12.228
83_0-wt-1,COC1=C(OC)C(=O)C(=C(Br)C1=O)Br,2,0,0,0,0,2,0,1,325.941,1.078,406.478,168.738,89.089,15.332,133.319,669.666,0,5.5,0.0017369,0,0.9106822,19.508,6.271,9.3,6.43,0.895,-1.296,-3.803,-3.05,1416.033,0.054,3872.254,-2.915,10.708,2.316,2,-0.994,3,88.587,0,0,72.066,4,0,6,0,6,0,14,0,20.048
83_1-wt-1,COc1c([O])c(Br)c(Br)c(O)c1OC,0,0,0,0,0,4,0,0,327.957,4.21,408.076,164.656,80.143,33.059,130.218,671.832,2,3,0.0263763,0.0103967,0.9090708,18.48,6.774,10.735,6.519,2.059,-2.532,-4.911,-3.161,1721.495,-0.005,4599.071,-2.496,9.062,0.639,4,-0.323,3,96.92,0,0,56.356,4,0,6,0,6,0,14,0,3.075
83_1-wt-1,COc1c([O])c(Br)c(Br)c(O)c1OC,0,0,0,0,0,4,0,1,327.957,4.359,407.05,165.016,78.759,33.158,130.117,670.048,2,3,0.028357,0.0104229,0.9097489,18.41,6.751,10.731,6.507,2.058,-2.515,-4.911,-3.15,1774.311,0.007,4745.702,-2.47,8.854,0.617,4,-0.327,3,100,0,0,55.862,4,0,6,0,6,0,14,0,3.396
84_0-wt-1,COC1=C(OC)C(=O)C(=C(C)C1=O)C,1,0,0,0,0,2,0,0,196.202,1.059,407.596,307.751,87.976,11.87,0,674.046,0,5.5,0.0016649,0,0.9121389,19.65,5.357,8.679,6.355,0.419,-0.736,-1.048,-3.01,1450.859,-0.262,739.687,-2.907,10.057,1.827,4,-0.981,3,85.987,0,0,69.555,4,0,6,0,6,0,14,0,44.657
84_1-wt-1,COc1c([O])c(C)c(C)c(O)c1OC,0,0,0,0,0,4,0,0,198.218,1.252,410.426,306.64,75.241,28.545,0,680.564,2,3,0.0023032,0.0103372,0.9116804,18.786,5.901,9.841,6.415,1.511,-1.952,-2.364,-3.097,1915.973,-0.281,999.032,-2.422,8.673,0.126,6,-0.3,3,94.539,0,0,54.835,4,0,6,0,6,0,14,0,7.459
85_0-wt-1,CCCCCCCCCCC1=C(C)C(=O)C(=C(OC)C1=O)OC,1,0,0,0,0,11,0,-1,322.444,1.481,686.097,595.741,78.32,12.036,0,1200.32,0,5.5,0.0018276,0,0.7961184,34.935,10.036,13.437,4.976,3.92,-4.548,-3.729,-4.888,1791.393,-0.923,929.008,-1.864,9.78,1.751,4,0.164,3,100,0,0,65.966,4,0,6,0,6,0,23,0,0.125
85_1-wt-1,CCCCCCCCCCc1c(C)c(O)c(OC)c(OC)c1[O],0,0,0,0,0,13,0,-1,324.459,1.386,670.268,590.107,62.367,17.794,0,1192.434,2,3,0.0016114,0.0063298,0.8113465,33.39,10.322,14.376,4.894,4.884,-5.061,-4.84,-4.669,2537.892,-0.852,1353.747,-1.358,8.688,0.144,6,0.63,3,100,0,0,52.836,4,0,6,0,6,0,23,0,0.124
86_0-wt-1,COC1=C(OC)C(=O)C(=C(C)C1=O)CC=C(C)C,1,0,0,0,0,4,0,0,250.294,4.279,491.584,397.63,69.321,24.634,0,860.361,0,5.5,0.0212827,0,0.8899266,25.945,7.003,10.998,6.076,1.779,-2.002,-2.197,-3.431,2180.385,-0.261,1148.852,-2.326,9.706,1.847,6,-0.525,3,100,0,0,67.681,4,0,6,0,6,0,18,0,11.762
86_1-wt-1,COc1c([O])c(CC=C(C)C)c(C)c(O)c1OC,0,0,0,0,0,6,0,0,252.31,1.424,506.766,413.671,59.607,33.488,0,879.448,2,3,0.0023072,0.008372,0.875987,25.509,7.557,12.009,6.133,2.97,-3.306,-3.4,-3.698,2695.518,-0.316,1444.852,-1.924,8.665,0.126,8,0.107,3,100,0,0,53.302,4,0,6,0,6,0,18,1,1.484
87_0-wt-1,CC(O)C1=CC(=O)C=CC1=O,3,0,0,0,0,2,0,-1,152.149,1.666,350.459,95.649,151.532,103.278,0,549.133,0,4.7,0.0050519,0,0.925366,15.524,5.263,7.327,6.484,-0.324,-0.176,-0.484,-3.232,362.179,-0.737,165.044,-3.756,10.88,2.002,2,-1.13,2,70.848,0,0,78.964,3,0,6,0,6,0,11,0,22.595
87_0-wt-1,CC(O)C1=CC(=O)C=CC1=O,3,0,0,0,0,2,0,-1,152.149,1.666,350.459,95.649,151.532,103.278,0,549.134,0,4.7,0.0050517,0,0.9253659,15.524,5.263,7.327,6.484,-0.324,-0.176,-0.484,-3.232,362.179,-0.737,165.044,-3.756,10.88,2.002,2,-1.13,2,70.848,0,0,78.964,3,0,6,0,6,0,11,0,22.595
87_0-wt-1,CC(O)C1=CC(=O)C=CC1=O,3,0,0,0,0,2,0,-1,152.149,1.247,344.138,94.994,162.901,86.243,0,543.074,0,4.7,0.0028612,0,0.9354174,15.119,5.264,7.203,6.43,-0.477,0.01,-0.484,-2.988,282.562,-0.798,126.203,-4.026,10.921,2.038,2,-1.148,2,68.022,0,0,82.357,3,0,6,0,6,0,11,0,16.005
87_0-wt-1,CC(O)C1=CC(=O)C=CC1=O,3,0,0,0,0,2,0,-1,152.149,1.247,344.138,94.994,162.901,86.243,0,543.074,0,4.7,0.0028613,0,0.9354173,15.119,5.264,7.203,6.43,-0.477,0.01,-0.484,-2.988,282.562,-0.798,126.203,-4.026,10.921,2.038,2,-1.148,2,68.022,0,0,82.358,3,0,6,0,6,0,11,0,16.005
87_1-wt-1,CC(O)c1cc(O)ccc1[O],0,0,0,0,0,4,0,-1,154.165,1.807,357.115,94.103,142.076,120.936,0,557.511,3,3.2,0.005859,0.0155204,0.9173309,14.744,6.01,10.517,9.031,0.321,-1.004,-1.486,-3.446,445.238,-0.803,206.31,-3.328,8.834,-0.022,4,-0.671,3,76.23,0,0,64.844,3,0,6,0,6,0,11,0,7.172
87_1-wt-1,CC(O)c1cc(O)ccc1[O],0,0,0,0,0,4,0,-1,154.165,1.807,357.115,94.103,142.076,120.936,0,557.511,3,3.2,0.0058588,0.0155204,0.9173309,14.744,6.01,10.517,9.031,0.321,-1.004,-1.486,-3.446,445.238,-0.803,206.31,-3.328,8.834,-0.022,4,-0.671,3,76.23,0,0,64.844,3,0,6,0,6,0,11,0,7.172
88_0-wt-1,COC(=O)C1=CC(=O)C=CC1=O,3,0,0,0,0,1,1,-1,166.133,2.577,375.612,98.386,170.043,107.183,0,579.849,0,6,0.0114573,0,0.8953006,17.433,5.457,8.858,8.198,-0.895,-0.031,-0.178,-3.737,241.758,-0.911,106.625,-4.18,11.006,2.238,0,-1.346,2,64.361,0,0,94.85,4,0,6,0,6,0,12,0,10.233
88_1-wt-1,COC(=O)c1cc(O)ccc1[O],0,0,0,0,0,3,1,-1,168.149,2.871,379.061,98.394,151.743,128.924,0,585.595,1,2.5,0.0140805,0.0065953,0.8930061,16.586,5.75,8.035,5.806,1.871,-2.008,-2.003,-3.878,360.512,-0.886,164.223,-3.574,9.017,0.517,2,-0.377,3,83.666,0,0,78.455,4,0,6,0,6,0,12,0,0.618
88_1-wt-1,COC(=O)c1cc(O)ccc1[O],0,0,0,0,0,3,1,-1,168.149,4.413,378.908,98.321,152.642,127.945,0,585.065,1,2.5,0.0332914,0.0065979,0.8928266,16.556,5.742,8.29,5.805,1.862,-2.005,-2.003,-3.876,353.502,-0.894,160.774,-3.594,8.802,0.476,2,-0.378,3,83.46,0,0,78.718,4,0,6,0,6,0,12,0,0.594
89_0-wt-1,COC(=O)C1=C(C(=O)C=CC1=O)[S](=O)(=O)c2ccccc2,3,0,0,0,0,3,1,-2,306.289,5.481,524.417,97.071,166.611,260.424,0.31,893.587,0,10,0.0336202,0,0.8555517,30.168,9.497,15.884,13.074,-0.592,-0.432,-1.658,-5.111,260.573,-1.134,116.075,-3.385,10.038,2.598,0,-1.59,2,66.719,0,0,116.607,6,0,12,0,12,0,21,0,46.727
89_1-wt-1,COC(=O)c1c([O])ccc(O)c1[S](=O)(=O)c2ccccc2,0,0,0,0,0,5,1,-2,308.305,7.193,489.351,62.918,176.35,249.998,0.085,861.275,0,5.5,0.0600777,0,0.8946208,27.491,9.384,12.948,8.111,1.308,-1.797,-3.788,-4.429,210.655,-1.207,91.976,-3.409,9.093,0.924,2,-0.565,3,76.192,0,0,101.909,6,0,12,0,12,0,21,0,1.919
89_1-wt-1,COC(=O)c1c([O])ccc(O)c1[S](=O)(=O)c2ccccc2,0,0,0,0,0,5,1,-2,308.305,5.926,501.464,74.943,172.315,254.207,0,873.729,0,5.5,0.0401914,0,0.8814072,28.03,9.427,12.818,8.142,1.422,-2.026,-3.788,-4.663,230.059,-1.217,101.059,-3.32,9.136,0.937,2,-0.529,3,77.543,0,0,102.049,6,0,12,0,12,0,21,0,1.39
89_1-wt-1,COC(=O)c1c([O])ccc(O)c1[S](=O)(=O)c2ccccc2,0,0,0,0,0,5,1,-2,308.305,8.973,497.761,70.44,175.161,252.146,0.014,869.288,0,5.5,0.0926148,0,0.8849527,27.832,9.41,13.487,8.138,1.371,-1.956,-3.788,-4.596,216.197,-1.229,94.51,-3.379,9.373,0.979,2,-0.542,3,76.762,0,0,101.616,6,0,12,0,12,0,21,0,1.424
89_1-wt-1,COC(=O)c1c([O])ccc(O)c1[S](=O)(=O)c2ccccc2,0,0,0,0,0,5,1,-2,308.305,3.633,501.422,75.548,172.621,253.254,0,873.788,0,5.5,0.015109,0,0.8815195,28.023,9.424,12.472,8.137,1.419,-2.025,-3.788,-4.657,228.525,-1.219,100.33,-3.329,8.864,0.895,2,-0.529,3,77.475,0,0,102.112,6,0,12,0,12,0,21,0,1.364
90_0-wt-1,COC(=O)C1=CC(=O)C(=CC1=O)C(=O)OC,4,0,0,0,0,2,2,-2,224.17,0.001,464.167,196.792,212.083,55.293,0,740.671,0,8,0,0,0.8529181,22.732,6.786,11.634,10.094,-1.172,-0.499,-0.482,-4.176,96.543,-1.501,39.532,-5.041,11.06,2.439,0,-1.457,2,55.607,0,0,127.982,6,0,6,0,6,0,16,0,0.646
90_1-wt-1,COC(=O)c1cc(O)c(cc1[O])C(=O)OC,1,0,0,0,0,4,2,-2,226.185,0.001,470.316,196.779,194.058,79.478,0,749.009,0,3.5,0,0,0.8480738,22.012,6.888,8.824,5.277,1.227,-2.646,-2.613,-4.369,143.102,-1.476,60.493,-4.432,9.209,1.07,2,-0.314,3,72.712,0,0,111.766,6,0,6,0,6,0,16,0,0.019
90_1-wt-1,COC(=O)c1cc(O)c(cc1[O])C(=O)OC,0,0,0,0,0,4,2,-2,226.185,2.984,469.738,196.723,195.001,78.014,0,748.125,0,3.5,0.0119002,0,0.8484491,21.963,6.878,8.973,5.272,1.213,-2.635,-2.613,-4.356,140.187,-1.484,59.162,-4.455,8.956,1.086,2,-0.316,3,72.47,0,0,111.971,6,0,6,0,6,0,16,0,0.018
91_0-wt-1,CCNC1=CC(=O)C(=CC1=O)NCC,0,0,0,0,0,4,0,-1,194.233,4.286,456.297,296.838,116.944,42.515,0,733.793,1,6,0.0250378,0.0131493,0.8622507,21.05,6.24,11.228,8.394,0.684,-1.984,-1.262,-3.964,770.757,-0.726,373.354,-3.141,8.71,0.973,3,-0.641,3,82.622,0,0,78.891,4,0,6,0,6,1,14,0,1.457
91_0-wt-1,CCNC1=CC(=O)C(=CC1=O)NCC,0,0,0,0,0,5,0,-1,194.233,4.021,452.18,291.582,124.724,35.875,0,729.654,1,4.75,0.022161,0.0105047,0.8668245,20.179,6.235,10.214,6.94,1.087,-2.133,-1.683,-3.858,650.343,-0.844,310.727,-3.212,9.28,0.901,2,-0.476,3,83.66,0,0,72.062,4,0,6,0,6,1,14,0,0.877
91_0-wt-1,CCNC1=CC(=O)C(=CC1=O)NCC,0,0,0,0,0,4,0,-1,194.233,1.048,458.396,271.006,123.403,63.987,0,732.528,2,6,0.0015001,0.0185108,0.8573147,21.204,6.618,12.467,10.054,0.594,-2.158,-1.434,-4.146,669.374,-0.797,320.567,-3.184,8.55,1.142,4,-0.597,3,81,0,0,79.989,4,0,6,0,6,0,14,0,0.883
91_1-wt-1,CCNc1cc(O)c(NCC)cc1[O],2,0,0,0,0,6,0,-1,196.249,0.589,457.004,267.715,123.008,66.281,0,733.422,4,3.5,0.0004729,0.0153172,0.8606259,19.978,7.117,13.525,10.089,1.082,-1.993,-2.028,-4.103,675.175,-0.905,323.571,-2.977,7.101,-0.566,7,-0.519,2,83.92,0,0,67.84,4,0,6,0,6,0,14,1,2.104
91_1-wt-1,CCNc1cc(O)c(NCC)cc1[O],1,0,0,0,0,6,0,-1,196.249,2.026,463.78,268.096,120.188,75.497,0,743.052,4,3.5,0.0055229,0.0150934,0.855459,20.451,7.23,13.748,10.149,1.165,-2.099,-2.028,-4.231,718.057,-0.893,345.84,-2.893,7.748,-0.302,7,-0.501,2,84.886,0,0,68.632,4,0,6,0,6,0,14,1,2.002
91_1-wt-1,CCNc1cc(O)c(NCC)cc1[O],1,0,0,0,0,6,0,-1,196.249,2.378,464.153,267.367,120.395,76.391,0,744.402,4,3.5,0.0075936,0.0150812,0.8558066,20.514,7.255,13.802,10.157,1.173,-2.105,-2.028,-4.23,714.815,-0.894,344.152,-2.893,7.822,-0.261,7,-0.497,2,84.897,0,0,68.985,4,0,6,0,6,0,14,1,1.972
92_0-wt-1,O=C1C=CC(=S)C(=C1)c2ccccc2,2,0,0,0,0,1,0,1,200.255,1.228,417.714,0,71.974,284.42,61.32,678.402,0,3.5,0.0022233,0,0.8938773,23.07,7.488,9.464,6.397,2.253,-2.405,-2.421,-4.606,2057.644,0.053,2338.704,-1.748,9.309,2.996,0,-0.391,3,100,0,0,39.704,1,0,12,0,12,0,14,0,14.086
92_1-wt-1,Oc1ccc([S])c(c1)c2ccccc2,1,0,0,0,0,3,1,1,202.27,1.614,424.581,0,54.674,305.55,64.357,688.555,1.8,1.25,0.0037829,0.0039499,0.8881725,22.394,8.005,10.536,6.419,3.064,-3.073,-3.34,-4.799,3002.1,0.079,3655.401,-1.163,8.42,0.03,2,-0.006,3,100,0,0,22.576,1,0,12,0,12,0,14,0,11.765
92_1-wt-1,Oc1ccc([S])c(c1)c2ccccc2,1,0,0,0,0,3,1,1,202.27,2.698,422.508,0,54.685,305.476,62.347,686.122,1.8,1.25,0.0106087,0.0039693,0.8904265,22.296,7.983,10.59,6.413,3.046,-3.026,-3.34,-4.762,3001.421,0.076,3563.048,-1.163,8.531,0.097,2,-0.013,3,100,0,0,22.572,1,0,12,0,12,0,14,0,13.069
93_0-wt-1,CC(C)SC1=CC(=O)C(=CC1=O)C(C)(C)C,2,0,0,0,0,3,0,0,238.344,2.403,494.45,344.87,76.587,42.448,30.546,853.679,0,4.5,0.0067661,0,0.8801812,26.489,7.272,10.672,5.5,2.132,-2.684,-2.407,-3.673,1860.5,-0.201,1422.71,-2.493,9.226,2.019,0,-0.235,3,100,0,0,52.249,2,0,6,0,6,0,16,0,1.019
93_1-wt-1,CC(C)Sc1cc(O)c(cc1[O])C(C)(C)C,0,0,0,0,0,5,0,0,240.36,1.924,500.057,348.099,77.588,47.317,27.052,860.217,2,2,0.004303,0.0056562,0.8747498,25.513,7.777,11.769,5.578,3.296,-3.742,-3.486,-3.784,1820.241,-0.347,1329.568,-2.303,8.438,0.296,2,0.244,3,100,0,0,39.133,2,0,6,0,6,0,16,0,0.232
94_0-wt-1,CC(C)NC1=CC(=O)C=C(C1=O)C(C)(C)C,0,0,0,0,0,3,0,0,221.299,3.94,492.619,359.263,97.855,35.502,0,836.338,1,5,0.0185617,0.0101498,0.8714479,25.729,7.163,12.205,7.54,1.799,-2.899,-2.161,-3.781,1169.351,-0.476,585.856,-2.91,8.775,1.505,4,-0.163,3,92.387,0,0,64.658,3,0,6,0,6,0,16,0,0.238
94_0-wt-1,CC(C)NC1=CC(=O)C=C(C1=O)C(C)(C)C,0,0,0,0,0,4,0,0,221.299,4.633,488.398,352.018,70.559,65.821,0,831.381,1,3.75,0.0258222,0.0076782,0.8755036,25.178,7.159,11.328,6.098,2.122,-3.037,-2.603,-3.86,2122.194,-0.291,1115.748,-2.204,8.915,1.224,2,0.007,3,100,0,0,51.402,3,0,6,0,6,0,16,0,0.827
94_1-wt-1,CC(C)Nc1cc(O)cc(c1[O])C(C)(C)C,0,0,0,0,0,5,0,-1,223.314,1.979,493.079,355.853,85.963,51.262,0,837.55,3,2.5,0.0046784,0.0087818,0.8714774,24.644,7.657,13.094,7.593,2.497,-3.111,-2.873,-3.856,1516.036,-0.492,775.668,-2.443,7.977,-0.437,7,-0.005,3,100,0,0,50.071,3,0,6,0,6,0,16,1,0.623
94_1-wt-1,CC(C)Nc1cc(O)cc(c1[O])C(C)(C)C,0,0,0,0,0,5,0,-1,223.314,2.977,483.739,340.051,85.907,57.78,0,835.642,3,2.5,0.0106081,0.0089514,0.8869543,24.63,7.776,13.222,7.614,2.5,-2.951,-2.873,-3.637,1517.893,-0.466,776.694,-2.419,8.62,-0.143,6,-0.003,3,100,0,0,50.929,3,0,6,0,6,0,16,0,0.952
95_0-wt-1,CC(C)(C)NC1=CC(=O)C(=CC1=O)C(C)(C)C,0,0,0,0,0,3,0,0,235.325,2.689,507.637,388.135,94.895,24.607,0,880.313,1,5,0.008215,0.0098496,0.875057,27.385,7.519,12.631,7.481,1.969,-3.153,-2.426,-3.671,1247.412,-0.444,628.24,-2.894,8.721,1.478,2,-0.049,3,93.887,0,0,63.757,3,0,6,0,6,0,17,0,0.146
95_0-wt-1,CC(C)(C)NC1=CC(=O)C(=CC1=O)C(C)(C)C,0,0,0,0,0,4,0,0,235.325,6.801,505.524,387.837,89.783,27.903,0,880.932,1,3.75,0.0525103,0.007418,0.8791271,26.799,7.534,12.317,6.012,2.188,-3.372,-2.876,-3.621,1394.714,-0.452,708.796,-2.692,8.999,1.168,1,0.139,3,96.036,0,0,56.064,3,0,6,0,6,0,17,0,0.144
95_1-wt-1,CC(C)(C)Nc1cc(O)c(cc1[O])C(C)(C)C,1,0,0,0,0,5,0,-1,237.341,2.083,508.72,385.395,82.896,40.429,0,882.231,3,2.5,0.004916,0.0085118,0.8744627,26.328,8.016,13.673,7.536,2.785,-3.38,-3.143,-3.756,1621.042,-0.461,833.898,-2.425,7.736,-0.465,5,0.113,3,100,0,0,49.311,3,0,6,0,6,0,17,0,0.372
95_1-wt-1,CC(C)(C)Nc1cc(O)c(cc1[O])C(C)(C)C,0,0,0,0,0,5,0,-1,237.341,1.485,509.969,385.545,84.216,40.208,0,884.847,3,2.5,0.0024932,0.008491,0.8740442,26.431,8.047,13.681,7.546,2.792,-3.402,-3.143,-3.762,1574.998,-0.473,808.326,-2.45,8.127,-0.245,4,0.119,3,100,0,0,50.027,3,0,6,0,6,0,17,0,0.334
95_1-wt-1,CC(C)(C)Nc1cc(O)c(cc1[O])C(C)(C)C,0,0,0,0,0,5,0,-1,237.341,1.395,510.838,385.604,84.445,40.788,0,886.321,3,2.5,0.0021952,0.0084765,0.8735266,26.496,8.065,13.7,7.554,2.8,-3.417,-3.143,-3.773,1567.124,-0.476,803.959,-2.452,8.289,-0.218,4,0.123,3,100,0,0,50.272,3,0,6,0,6,0,17,0,0.321
96_0-wt-1,CC(C)(C)NC1=CC(=O)C=C(C1=O)C(C)(C)C,0,0,0,0,0,3,0,0,235.325,4.052,507.824,387.028,94.412,26.384,0,879.478,1,5,0.0186657,0.0098459,0.8741826,27.368,7.516,12.767,7.491,2.165,-3.287,-2.426,-3.694,1260.653,-0.441,635.451,-2.879,8.723,1.477,4,-0.051,3,95.115,0,0,63.532,3,0,6,0,6,0,17,0,0.15
96_0-wt-1,CC(C)(C)NC1=CC(=O)C=C(C1=O)C(C)(C)C,0,0,0,0,0,4,0,0,235.325,5.36,508.744,388.514,84.394,35.835,0,880.309,1,3.75,0.032635,0.0073711,0.8731513,26.85,7.514,12.031,6.037,2.839,-3.528,-2.876,-3.755,1568.881,-0.416,804.933,-2.565,9.017,1.163,2,0.136,3,100,0,0,54.132,3,0,6,0,6,0,17,0,0.169
96_1-wt-1,CC(C)(C)Nc1cc(O)cc(c1[O])C(C)(C)C,0,0,0,0,0,5,0,-1,237.341,4.51,508.319,384.826,81.979,41.513,0,880.833,3,2.5,0.0230875,0.0085185,0.8742277,26.283,8.002,13.902,7.536,2.784,-3.374,-3.143,-3.765,1653.826,-0.453,852.141,-2.404,7.96,-0.443,7,0.109,3,100,0,0,48.856,3,0,6,0,6,0,17,1,0.396
96_1-wt-1,CC(C)(C)Nc1cc(O)cc(c1[O])C(C)(C)C,0,0,0,0,0,5,0,-1,237.341,3.846,510.616,385.272,83.669,41.675,0,885.076,3,2.5,0.016711,0.0084802,0.873087,26.454,8.051,13.881,7.554,2.798,-3.413,-3.143,-3.784,1593.933,-0.47,818.835,-2.435,8.438,-0.229,6,0.12,3,100,0,0,49.892,3,0,6,0,6,0,17,0,0.337
97_0-wt-1,CC(C)(C)NC1=CC(=O)C(=CC1=O)NC(C)(C)C,0,0,0,0,0,4,0,0,250.34,4.162,534.517,439.657,87.816,7.044,0,924.803,1,6,0.0187292,0.0112251,0.8588224,28.356,7.703,13.521,8.143,2.005,-3.274,-2.283,-3.85,1455.942,-0.471,742.488,-2.729,8.798,0.974,3,-0.17,3,95.3,0,0,70.43,4,0,6,0,6,1,18,0,0.249
97_0-wt-1,CC(C)(C)NC1=CC(=O)C(=CC1=O)NC(C)(C)C,0,0,0,0,0,4,0,-1,250.34,4.411,537.891,413.947,113.089,10.855,0,926.594,1,6,0.0209996,0.0111547,0.8545359,28.464,7.907,13.708,8.349,1.843,-3.331,-2.283,-3.938,838.458,-0.71,408.924,-3.181,8.717,0.924,3,-0.168,3,90.062,0,0,76.733,4,0,6,0,6,1,18,0,0.077
97_0-wt-1,CC(C)(C)NC1=CC(=O)C(=CC1=O)NC(C)(C)C,0,0,0,0,0,5,0,0,250.34,6.092,529.148,428.511,89.516,11.121,0,925.628,1,4.75,0.0400902,0.0089767,0.8680517,27.785,7.792,12.949,6.717,2.49,-3.431,-2.74,-3.72,1402.884,-0.53,713.285,-2.65,9.375,0.828,2,0.027,3,100,0,0,64.948,4,0,6,0,6,1,18,0,0.204
97_0-wt-1,CC(C)(C)NC1=CC(=O)C(=CC1=O)NC(C)(C)C,0,0,0,0,0,5,0,0,250.34,4.434,532.817,402.764,81.262,48.791,0,921.522,1,4.75,0.021334,0.0089149,0.8595231,27.981,7.922,12.753,6.926,2.557,-3.485,-2.74,-4.038,1679.941,-0.471,866.695,-2.365,8.939,0.836,2,0.012,3,100,0,0,61.636,4,0,6,0,6,1,18,0,0.339
97_0-wt-1,CC(C)(C)NC1=CC(=O)C(=CC1=O)NC(C)(C)C,1,0,0,0,0,4,0,-1,250.34,0.001,540.805,402.405,119.904,18.497,0,925.287,2,6,0,0.0156901,0.8491316,28.484,8.202,14.911,9.919,1.698,-3.438,-2.386,-4.061,722.518,-0.786,348.163,-3.28,8.55,1.136,4,-0.16,3,88.054,0,0,77.804,4,0,6,0,6,0,18,0,0.048
97_1-wt-1,CC(C)(C)Nc1cc(O)c(NC(C)(C)C)cc1[O],1,0,0,0,0,6,0,-1,252.356,1.962,544.555,399.706,104.856,39.993,0,932.475,4,3.5,0.0041286,0.0128545,0.8476469,27.693,8.767,16.139,9.997,2.366,-3.406,-3.025,-4.188,1003.567,-0.771,496.617,-2.735,7.516,-0.453,7,-0.048,3,94.52,0,0,64.419,4,0,6,0,6,0,18,1,0.183
97_1-wt-1,CC(C)(C)Nc1cc(O)c(NC(C)(C)C)cc1[O],1,0,0,0,0,6,0,-1,252.356,1.767,543.768,399.804,104.584,39.38,0,931.137,4,3.5,0.0033531,0.0128731,0.8480616,27.634,8.749,16.106,9.989,2.359,-3.393,-3.025,-4.178,1009.556,-0.768,499.821,-2.732,7.445,-0.503,7,-0.051,3,94.527,0,0,64.157,4,0,6,0,6,0,18,1,0.189
97_1-wt-1,CC(C)(C)Nc1cc(O)c(NC(C)(C)C)cc1[O],2,0,0,0,0,6,0,-1,252.356,0.002,542.502,399.439,103.325,39.738,0,928.444,4,3.5,0,0.0129032,0.8484002,27.529,8.717,16.018,9.98,2.352,-3.372,-3.025,-4.175,1037.691,-0.755,514.894,-2.708,7.046,-0.628,7,-0.057,3,94.699,0,0,63.469,4,0,6,0,6,0,18,1,0.21
98_0-wt-1,CC1=C(O)C(=O)C=CC1=O,1,0,0,0,0,1,2,-1,138.123,7.995,323.343,80.576,151.37,91.397,0,493.652,1,4.75,0.1294734,0.0146903,0.93422,13.833,4.894,9.95,8.071,-0.386,-0.761,-0.801,-3.032,363.463,-0.653,165.676,-3.891,9.476,1.638,2,-0.81,2,70.51,0,0,77.516,3,0,6,0,6,0,10,0,3.073
98_1-wt-1,Cc1c(O)ccc([O])c1O,2,0,0,0,0,3,0,-1,140.138,3.626,326.591,78.705,137.152,110.734,0,498.532,3,2.25,0.0263676,0.0119327,0.9310146,12.928,5.403,9.667,8.139,0.334,-0.728,-1.429,-3.176,495.782,-0.672,231.737,-3.369,8.7,-0.194,4,-0.701,3,77.145,0,0,63.614,3,0,6,0,6,0,10,0,11.217
99_0-wt-1,CC1=C(O)C(=O)C(=C(Br)C1=O)Br,1,0,0,0,0,1,2,-1,295.915,6.777,373.97,80.307,136.191,25.067,132.406,593.923,1,4.75,0.0773392,0.0127016,0.9137239,17.212,6.128,10.858,7.685,0.712,-2.099,-3.701,-3.048,506.291,-0.259,1259.388,-3.845,9.696,2.026,2,-0.605,3,79.518,0,0,75.452,3,0,6,0,6,0,12,0,0.336
99_1-wt-1,Cc1c(O)c([O])c(Br)c(Br)c1O,0,0,0,0,0,3,0,-1,297.931,2.165,373.493,79.419,120.926,43.801,129.346,592.363,3,2.25,0.00791,0.0104342,0.9132877,16.044,6.564,10.927,7.732,1.335,-2.03,-4.419,-3.144,706.571,-0.266,1737.261,-3.306,8.98,0.752,4,-0.494,3,85.756,0,0,60.82,3,0,6,0,6,0,12,0,1.374
99_1-wt-1,Cc1c(O)c([O])c(Br)c(Br)c1O,0,0,0,0,0,3,0,-1,297.931,1.381,374.158,78.509,121.949,43.762,129.937,593.504,3,2.25,0.0032121,0.0104157,0.9128358,16.09,6.583,10.886,7.741,1.337,-2.044,-4.419,-3.151,690.961,-0.274,1708.503,-3.325,9.02,0.98,4,-0.491,3,85.593,0,0,61.39,3,0,6,0,6,0,12,0,1.275
100_0-wt-1,CCCCCCCCCCCC1=C(C)C(=O)C(=C(C)C1=O)O,0,0,0,0,0,11,2,-2,306.444,7.265,693.618,553.424,122.909,17.285,0,1194.826,1,4.75,0.0441708,0.0068482,0.7850812,34.765,10.584,15.188,6.059,3.95,-5.366,-3.911,-5.092,676.628,-1.429,324.323,-2.668,9.431,1.479,4,0.461,3,100,0,0,72.909,3,0,6,0,6,0,22,0,0.003
100_1-wt-1,CCCCCCCCCCCc1c(C)c([O])c(O)c(C)c1O,0,0,0,0,0,13,0,-2,308.46,1.725,686.637,544.206,109.914,32.518,0,1189.402,3,2.25,0.0025019,0.0056757,0.7906613,33.409,10.988,15.617,6.083,4.588,-5.297,-4.631,-5.074,898.646,-1.392,440.742,-2.183,8.611,-0.166,6,0.609,3,100,0,0,59.067,3,0,6,0,6,0,22,0,0.01
101_0-wt-1,OC1=CC(=O)C(=CC1=O)O,3,0,0,0,0,2,0,-2,140.095,2.995,306.004,0,220.929,85.075,0,457.358,2,5.5,0.0196079,0.0254185,0.9381561,11.678,5.206,9.858,10.442,-1.301,-0.449,-0.807,-2.938,79.585,-1.231,32.083,-5.1,10.055,1.781,2,-0.877,2,53.347,0,0,103.317,4,0,6,0,6,0,10,0,0.315
101_0-wt-1,OC1=CC(=O)C(=CC1=O)O,3,0,0,0,0,2,0,-2,140.095,2.927,306.149,0,220.737,85.412,0,458.013,2,5.5,0.0186993,0.0254065,0.9386082,11.707,5.219,9.856,10.444,-1.296,-0.45,-0.807,-2.933,79.918,-1.227,32.229,-5.095,10.257,1.857,2,-0.876,2,53.412,0,0,103.487,4,0,6,0,6,0,10,0,0.318
101_1-wt-1,[O]c1cc(O)c(O)cc1O,3,0,0,0,0,4,0,-2,142.111,0,312.15,0,203.841,108.309,0,467.229,4,3,0,0.0192216,0.9328716,11.01,5.753,10.79,10.525,-0.749,-0.225,-1.271,-3.135,115.578,-1.239,48.021,-4.511,8.364,0.001,4,-0.904,2,59.484,0,0,88.449,4,0,6,0,6,0,10,0,2.609
102_0-wt-1,OC1=C(Cl)C(=O)C(=C(Cl)C1=O)O,1,0,0,0,0,2,0,-1,208.985,2.862,347.955,0,192.573,25.599,129.784,540.588,2,5.5,0.0151482,0.022354,0.9223299,14.441,6.249,11.142,9.991,-0.169,-1.642,-1.821,-2.911,147.819,-0.748,322.018,-4.786,9.653,2.073,2,-0.769,3,64.788,0,0,98.909,4,0,6,0,6,0,12,0,0.085
102_1-wt-1,[O]c1c(O)c(Cl)c(O)c(O)c1Cl,1,0,0,0,0,4,0,-1,211.001,0.685,350.181,0,175.479,48.307,126.396,544.277,4,3,0.0008612,0.017134,0.9206304,13.521,6.742,12.048,10.059,0.27,-1.288,-2.395,-3.047,214.702,-0.748,461.892,-4.199,8.636,0.38,4,-0.77,2,70.26,0,0,83.59,4,0,6,0,6,0,12,0,0.686
102_1-wt-1,[O]c1c(O)c(Cl)c(O)c(O)c1Cl,0,0,0,0,0,4,0,-1,211.001,4.771,350.916,0,176.645,48.178,126.092,545.584,4,3,0.0417223,0.0170981,0.920174,13.572,6.757,12.629,10.068,0.267,-1.297,-2.395,-3.053,209.303,-0.759,447.634,-4.221,8.811,0.436,4,-0.768,2,70.048,0,0,84.22,4,0,6,0,6,0,12,0,0.639
103_0-wt-1,O=C1C=C(N2CCCCC2)C(=O)C=C1N3CCCCC3,1,0,0,0,0,0,0,0,274.362,1.043,542.494,421.557,82.238,38.699,0,956.657,0,6,0.0011376,0,0.8655143,32.501,7.996,13.464,7.757,2.09,-3.356,-2.547,-3.893,1644.53,-0.168,846.965,-2.899,8.754,1.5,0,-0.21,3,96.747,0,0,61.214,4,0,18,0,18,10,20,0,0.153
103_1-wt-1,[O]c1cc(N2CCCCC2)c(O)cc1N3CCCCC3,0,0,0,0,0,2,0,0,276.378,3.097,562.279,428.863,86.467,46.95,0,975.247,2,3.5,0.0098361,0.008803,0.8458424,32.04,8.646,14.889,7.915,3.331,-4.791,-3.777,-4.25,1499.466,-0.363,766.508,-2.756,8.658,0.106,2,0.44,3,100,0,0,50.376,4,0,18,0,18,10,20,0,0.008
103_1-wt-1,[O]c1cc(N2CCCCC2)c(O)cc1N3CCCCC3,1,0,0,0,0,2,0,0,276.378,0.663,563.308,428.343,85.86,49.105,0,975.687,2,3.5,0.0004504,0.0087869,0.8445518,32.078,8.657,14.77,7.928,3.34,-4.809,-3.777,-4.281,1519.469,-0.36,777.566,-2.737,8.397,0.045,2,0.441,3,100,0,0,50.976,4,0,18,0,18,10,20,0,0.008
103_1-wt-1,[O]c1cc(N2CCCCC2)c(O)cc1N3CCCCC3,0,0,0,0,0,2,0,0,276.378,3.513,564.811,431.902,87.55,45.359,0,978.186,2,3.5,0.0126183,0.0087635,0.8437415,32.142,8.665,14.96,7.918,3.34,-4.835,-3.777,-4.277,1464.418,-0.377,747.161,-2.781,8.43,-0.001,2,0.447,3,100,0,0,50.86,4,0,18,0,18,10,20,0,0.007
104_0-wt-1,COC(=O)C1=C(Cl)C(=O)C=CC1=O,2,0,0,0,0,1,1,-1,200.578,3.503,392.059,97.393,152.282,86.826,55.558,616.321,0,6,0.019905,0,0.8933427,18.698,5.958,9.569,7.998,-0.346,-0.851,-0.909,-3.672,356.294,-0.633,326.78,-3.924,10.358,2.349,0,-1.24,2,70.59,0,0,90.245,4,0,6,0,6,0,13,0,6.217
104_1-wt-1,COC(=O)c1c(O)ccc([O])c1Cl,0,0,0,0,0,3,1,-1,202.594,6.788,397.806,95.943,139.783,106.021,56.059,625.182,1,2.5,0.0737088,0.0062845,0.8888557,17.952,6.292,9.505,5.633,2.021,-2.407,-2.672,-3.836,468.094,-0.659,441.683,-3.434,9.062,0.541,2,-0.275,3,86.573,0,0,76.507,4,0,6,0,6,0,13,0,0.277
104_1-wt-1,COC(=O)c1c(O)ccc([O])c1Cl,0,0,0,0,0,3,1,-1,202.594,6.899,397.702,96.19,140.977,105.568,54.966,624.706,1,2.5,0.0761794,0.0062861,0.8886381,17.929,6.282,9.53,5.638,2.009,-2.403,-2.672,-3.837,456.053,-0.673,423.537,-3.458,8.882,0.487,2,-0.277,3,86.3,0,0,76.568,4,0,6,0,6,0,13,0,0.267
104_1-wt-1,COC(=O)c1c(O)ccc([O])c1Cl,0,0,0,0,0,3,1,0,202.594,4.21,396.859,95.71,138.576,105.939,56.633,623.641,1,2.5,0.0284193,0.0062995,0.8895129,17.89,6.276,8.86,5.622,2.022,-2.398,-2.672,-3.825,480.603,-0.646,457.759,-3.412,8.909,0.523,2,-0.279,3,86.783,0,0,75.773,4,0,6,0,6,0,13,0,0.301
dhna-wt-1,,0,0,0,1,0,3,0,-2,204.182,3.252,393.352,0,182.063,211.289,0,635.489,2,2.5,0.0166375,0.0089882,0.9087739,19.37,7.451,10.82,8.071,1.526,-1.969,-2.862,-2.208,47.097,-1.087,23.145,-3.843,8.359,0.864,2,-0.474,3,65.821,0,0,88.823,4,0,10,0,10,0,15,0,0.315
